theta,N,alpha,lambda,adaptive_power,sd_adaptive_power,mean_adaptive_value,mean_stopping_time,mean_stopping_fraction,early_stop_prob,mean_theta_hat_at_stop,mean_b_hat_at_stop,mean_last_b_hat,mean_valid_root_looks,mean_invalid_root_looks,n_success
0.1,1000,0.05,0.5,0.254,0.43573355098604655,0.2640760644315185,271.876,0.27187599999999995,0.998,0.08711828547208908,0.23163721539346388,0.23128327316366906,236.386,35.488,500
0.1,2000,0.05,0.5,0.458,0.49873185875164194,0.461468725048777,754.106,0.37705299999999997,1.0,0.08012485785879744,0.4367162082644018,0.4367162082644018,707.702,46.404,500
0.1,5000,0.05,0.5,0.81,0.3926937952574081,0.8142257121796173,2503.036,0.5006072,1.0,0.09098317798465212,0.8109284379553938,0.8109284379553938,2458.006,45.03,500
0.1,10000,0.05,0.5,0.98,0.14014021035061358,0.9814812079355923,4674.174,0.4674174,1.0,0.09998891698397637,0.9814021257385386,0.9814021257385386,4619.314,54.86,500
0.5,1000,0.05,0.5,1.0,0.0,0.9999911544853926,328.212,0.328212,1.0,0.5031243633680099,0.99999,0.99999,326.314,1.898,500
0.5,2000,0.05,0.5,1.0,0.0,0.9999907741181744,482.32,0.24115999999999999,1.0,0.5022986224939165,0.99999,0.99999,480.546,1.774,500
0.5,5000,0.05,0.5,1.0,0.0,0.9999904778749525,786.66,0.157332,1.0,0.5030335588817647,0.99999,0.99999,784.824,1.836,500
0.5,10000,0.05,0.5,1.0,0.0,0.9999903303351901,1132.044,0.11320440000000001,1.0,0.5026435183096729,0.99999,0.99999,1130.012,2.032,500
1.0,1000,0.05,0.5,1.0,0.0,0.999991264607102,175.932,0.17593199999999998,1.0,1.0025307394397578,0.99999,0.99999,175.548,0.384,500
1.0,2000,0.05,0.5,1.0,0.0,0.9999908979480584,252.56,0.12628,1.0,1.0051834340657477,0.99999,0.99999,252.156,0.404,500
1.0,5000,0.05,0.5,1.0,0.0,0.99999057407455,406.096,0.0812192,1.0,1.0027972504719986,0.99999,0.99999,405.722,0.374,500
1.0,10000,0.05,0.5,1.0,0.0,0.9999903928554724,580.096,0.0580096,1.0,1.0004261291034242,0.99999,0.99999,579.746,0.35,500
2.0,1000,0.05,0.5,1.0,0.0,0.9999915766813593,91.292,0.091292,1.0,1.997948748452222,0.99999,0.99999,91.244,0.048,500
2.0,2000,0.05,0.5,1.0,0.0,0.9999912074990502,129.814,0.06490699999999999,1.0,2.0014633660123073,0.99999,0.99999,129.784,0.03,500
2.0,5000,0.05,0.5,1.0,0.0,0.9999908058207428,206.36,0.041271999999999996,1.0,2.0036806761286154,0.99999,0.99999,206.332,0.028,500
2.0,10000,0.05,0.5,1.0,0.0,0.9999905534306212,292.494,0.029249400000000002,1.0,2.005023070892726,0.99999,0.99999,292.472,0.022,500
