theta,N,alpha,beta,mean_value,sd_value,mean_stopping_time,sd_stopping_time,mean_stopping_fraction,sd_stopping_fraction,upper_bound_time,upper_bound_fraction,relative_gap,early_stop_prob,n_success
0.0,1000,0.01,0.8,0.029601430594675023,0.9665148594309019,997.95,21.95247873578953,0.99795,0.021952478735789496,inf,inf,,0.012,500
0.0,1000,0.01,0.9,-0.04598496205308455,1.0116384783876986,998.658,16.423901030209002,0.998658,0.016423901030208986,inf,inf,,0.012,500
0.0,1000,0.01,0.95,-0.08327040211726554,0.968994456762028,999.89,1.9599957056924142,0.99989,0.0019599957056924094,inf,inf,,0.006,500
0.0,1000,0.01,0.99,0.01667419082824711,0.9632885412945176,999.766,3.2882928305549353,0.9997659999999999,0.0032882928305549364,inf,inf,,0.008,500
0.0,1000,0.05,0.8,-0.08751735975026381,0.9257534754311405,987.89,65.50615247458859,0.9878899999999999,0.06550615247458856,inf,inf,,0.054,500
0.0,1000,0.05,0.9,-0.04469533385781251,0.8926847380616889,994.888,32.631412383595915,0.994888,0.032631412383595924,inf,inf,,0.056,500
0.0,1000,0.05,0.95,-0.03737790243152242,0.8889354585615329,995.268,29.216148662774994,0.995268,0.029216148662775027,inf,inf,,0.052,500
0.0,1000,0.05,0.99,-0.001140160619344501,0.9207979140222908,996.758,21.242172577012536,0.996758,0.0212421725770125,inf,inf,,0.048,500
0.0,5000,0.01,0.8,0.007143189404410881,0.9755437829543596,4993.742,62.84474807588506,0.9987484,0.012568949615176987,inf,inf,,0.018,500
0.0,5000,0.01,0.9,-0.032268796386520006,0.9551318069830679,5000.0,0.0,1.0,0.0,inf,inf,,0.0,500
0.0,5000,0.01,0.95,0.07492859337371507,0.9637232086160183,4994.556,63.62609073992914,0.9989112,0.012725218147985834,inf,inf,,0.012,500
0.0,5000,0.01,0.99,-0.001563099438782424,0.9915466378869879,4998.36,19.976398900353654,0.999672,0.003995279780070734,inf,inf,,0.014,500
0.0,5000,0.05,0.8,-0.051522961668507415,0.9161495016938478,4954.106,222.74317904623527,0.9908212,0.04454863580924707,inf,inf,,0.062,500
0.0,5000,0.05,0.9,0.02997447284376051,0.8771755669206562,4966.04,190.44372403428804,0.993208,0.03808874480685765,inf,inf,,0.064,500
0.0,5000,0.05,0.95,-0.05600051615007818,0.94931041390409,4979.288,140.83313886299652,0.9958576,0.02816662777259925,inf,inf,,0.054,500
0.0,5000,0.05,0.99,0.04725554722122319,0.908074121010071,4981.404,96.03659113939514,0.9962808,0.01920731822787902,inf,inf,,0.068,500
0.0,10000,0.01,0.8,0.03161310334429345,0.944556333859429,9991.158,111.56489810409859,0.9991158,0.011156489810409889,inf,inf,,0.01,500
0.0,10000,0.01,0.9,0.03014129673001908,0.9927050195046205,9993.72,129.72688128315963,0.9993719999999999,0.012972688128315934,inf,inf,,0.006,500
0.0,10000,0.01,0.95,0.019556462822787543,0.9685458384772783,9996.63,45.79287143375342,0.999663,0.00457928714337538,inf,inf,,0.012,500
0.0,10000,0.01,0.99,-0.13533881491676564,1.0133952591186055,9996.466,54.53517226550248,0.9996466,0.005453517226550271,inf,inf,,0.006,500
0.0,10000,0.05,0.8,-0.09714636070089441,0.9231111511359797,9930.528,405.39284642908007,0.9930528000000001,0.04053928464290801,inf,inf,,0.062,500
0.0,10000,0.05,0.9,-0.1230897597495272,0.9467748709850726,9954.034,265.6482237877816,0.9954034,0.026564822378778163,inf,inf,,0.048,500
0.0,10000,0.05,0.95,-0.08177092933070972,0.8778173966619292,9965.256,261.09924568292485,0.9965256,0.02610992456829249,inf,inf,,0.038,500
0.0,10000,0.05,0.99,-0.0063276493405017694,0.8923513771236269,9981.664,144.40257376730227,0.9981663999999999,0.014440257376730234,inf,inf,,0.048,500
0.0,50000,0.01,0.8,0.03257601218837416,0.9988077091159249,49949.462,715.0591582208505,0.99898924,0.01430118316441699,inf,inf,,0.016,500
0.0,50000,0.01,0.9,0.013111073121919059,0.9224659541679036,49950.724,619.9205778724714,0.99901448,0.01239841155744939,inf,inf,,0.008,500
0.0,50000,0.01,0.95,-0.0680174484281585,0.9316770784215183,49997.068,65.56151310029412,0.99994136,0.0013112302620058637,inf,inf,,0.002,500
0.0,50000,0.01,0.99,-0.09289696027467317,0.997227879746407,49988.084,217.66794806592554,0.99976168,0.00435335896131852,inf,inf,,0.008,500
0.0,50000,0.05,0.8,-0.010334078914864916,0.9106559161815578,49589.772,2223.96013394367,0.99179544,0.04447920267887336,inf,inf,,0.066,500
0.0,50000,0.05,0.9,-0.03643753158136203,0.9736302688041127,49800.098,1440.1492200282225,0.9960019600000001,0.02880298440056443,inf,inf,,0.042,500
0.0,50000,0.05,0.95,-0.07519514993898595,0.8969453921490421,49807.0,1330.7552272863334,0.99614,0.026615104545726673,inf,inf,,0.048,500
0.0,50000,0.05,0.99,-0.04335929164815509,0.9078675122331908,49845.566,965.9095444917596,0.99691132,0.019318190889835194,inf,inf,,0.054,500
0.05,1000,0.01,0.8,1.0834462575779362,0.6505641962874821,957.606,96.29078145485357,0.957606,0.09629078145485365,2003.5995874221069,2.003599587422107,0.5220571984484758,0.262,500
0.05,1000,0.01,0.9,1.1331157596326984,0.6646373032425469,973.892,70.14262835555316,0.9738920000000001,0.07014262835555313,2281.835959587011,2.2818359595870112,0.5731980662727988,0.194,500
0.05,1000,0.01,0.95,1.1520610498766404,0.6340197272301303,979.406,57.41681413218765,0.979406,0.057416814132187646,2511.6083581230255,2.5116083581230253,0.6100482796880284,0.206,500
0.05,1000,0.01,0.99,1.15588241838227,0.6781077678443092,986.22,42.21250277798704,0.98622,0.04221250277798703,2942.6231647438217,2.9426231647438215,0.6648500522200375,0.2,500
0.05,1000,0.05,0.8,0.7978697354524605,0.41986424189808635,890.54,159.2856812664372,0.89054,0.15928568126643727,1572.5847808013107,1.5725847808013107,0.43370938669123754,0.49,500
0.05,1000,0.05,0.9,0.8568016279840864,0.4602149434220584,912.522,131.13867553258606,0.912522,0.131138675532586,1850.8211529662149,1.8508211529662149,0.5069637071428817,0.502,500
0.05,1000,0.05,0.95,0.907849017055328,0.4455648998681234,936.198,106.96089032969117,0.936198,0.10696089032969129,2080.5935515022297,2.0805935515022296,0.5500332107998477,0.452,500
0.05,1000,0.05,0.99,0.9330549088224422,0.4627423933869563,960.796,73.08231272247569,0.9607960000000001,0.07308231272247569,2511.6083581230255,2.5116083581230253,0.6174578743964596,0.418,500
0.05,5000,0.01,0.8,0.9193198797831628,0.3677661863039068,3752.31,868.3416495485412,0.750462,0.17366832990970812,4480.184877166364,0.8960369754332727,0.16246536630129677,0.876,500
0.05,5000,0.01,0.9,1.007800466648209,0.32611505559826265,3943.584,738.4711302172407,0.7887168,0.14769422604344815,5102.340319140019,1.020468063828004,0.2271029070313608,0.896,500
0.05,5000,0.01,0.95,1.0482163933952626,0.3084763525161961,4033.558,692.4829933132336,0.8067116,0.13849659866264677,5616.127021619721,1.1232254043239442,0.28179010473365323,0.898,500
0.05,5000,0.01,0.99,1.097661593210377,0.3244084634605235,4294.302,554.7063918491622,0.8588604000000001,0.11094127836983253,6579.9054285327475,1.3159810857065495,0.347361136623876,0.886,500
0.05,5000,0.05,0.8,0.8096778040674176,0.06212797556650724,3007.922,805.658104830926,0.6015843999999999,0.16113162096618525,3516.406470253337,0.7032812940506674,0.14460343949279109,0.988,500
0.05,5000,0.05,0.9,0.9114492409223129,0.09019915009436408,3360.27,797.882752585709,0.6720539999999999,0.15957655051714184,4138.561912226994,0.8277123824453987,0.1880585403174961,0.966,500
0.05,5000,0.05,0.95,0.9593989350500239,0.06614665465628625,3562.932,752.0720817903142,0.7125864000000001,0.15041441635806285,4652.348614706694,0.9304697229413389,0.23416487132174552,0.972,500
0.05,5000,0.05,0.99,0.9950528326222949,0.060232855356734276,3828.328,671.5939825301755,0.7656656000000001,0.13431879650603507,5616.127021619721,1.1232254043239442,0.3183330816303564,0.97,500
0.05,10000,0.01,0.8,0.8053517513063839,0.06366497190715534,5713.338,1370.1389247452987,0.5713338,0.13701389247452989,6335.93821522751,0.633593821522751,0.09826488107652007,0.998,500
0.05,10000,0.01,0.9,0.9076346223855724,0.07748358921110476,6223.762,1309.1648094692684,0.6223762,0.13091648094692687,7215.798879170883,0.7215798879170883,0.13748122637321486,0.994,500
0.05,10000,0.01,0.95,0.9530882718449939,0.04320484833507726,6589.056,1236.765360923389,0.6589056000000001,0.1236765360923389,7942.403001984626,0.7942403001984626,0.17039515643394756,0.998,500
0.05,10000,0.01,0.99,0.9928717375047404,0.06160580273549243,7096.782,1072.6523110667658,0.7096781999999999,0.10726523110667655,9305.391496163364,0.9305391496163363,0.23734729453070075,0.994,500
0.05,10000,0.05,0.8,0.8052333272520407,0.04594291384760993,4499.96,1229.6463909977488,0.449996,0.12296463909977477,4972.9497210487725,0.4972949721048773,0.09511250818538766,0.996,500
0.05,10000,0.05,0.9,0.9015926426014036,0.0014622868115145044,5079.45,1123.516794478369,0.507945,0.11235167944783689,5852.8103849921445,0.5852810384992144,0.132134877797375,1.0,500
0.05,10000,0.05,0.95,0.9515083310139909,0.012673401096200783,5618.828,1170.5102266950062,0.5618828,0.1170510226695007,6579.414507805888,0.6579414507805889,0.14599878251571446,0.998,500
0.05,10000,0.05,0.99,0.9902595572099668,0.00022832260022602978,6149.348,1117.8935848416254,0.6149348,0.11178935848416258,7942.403001984626,0.7942403001984626,0.2257572426804057,1.0,500
0.05,50000,0.01,0.8,0.8009298848439024,0.0007930680028654415,13758.596,2431.59500932263,0.27517192,0.04863190018645264,14167.588550487406,0.2833517710097481,0.028868183814763228,1.0,500
0.05,50000,0.01,0.9,0.9005335132936289,0.0004626589661906153,15131.422,2317.5852283135114,0.30262844,0.04635170456627024,16135.016805792884,0.3227003361158577,0.06219979922379556,1.0,500
0.05,50000,0.01,0.95,0.9503288018611954,0.00026616080501210606,16309.258,2387.7394914844435,0.32618516,0.04775478982968886,17759.75301713602,0.3551950603427204,0.08167315253407349,1.0,500
0.05,50000,0.01,0.99,0.9900898218577939,7.769968713367975e-05,18694.582,2461.742232019798,0.37389163999999997,0.04923484464039597,20807.48794266975,0.41614975885339506,0.10154546038865339,1.0,500
0.05,50000,0.05,0.8,0.8008387052694075,0.0007407038246308664,10568.62,1956.1876771046573,0.2113724,0.039123753542093125,11119.853624953672,0.22239707249907342,0.04957202167811524,1.0,500
0.05,50000,0.05,0.9,0.9005333308934196,0.0004573816904715171,12244.23,2064.8020340894577,0.2448846,0.04129604068178916,13087.28188025915,0.261745637605183,0.0644176451590615,1.0,500
0.05,50000,0.05,0.95,0.9503377327488962,0.0002864279537110599,13835.676,2212.7194430590116,0.27671352,0.04425438886118023,14712.01809160229,0.29424036183204577,0.059566409322356025,1.0,500
0.05,50000,0.05,0.99,0.9900861923103905,7.269526781229672e-05,16057.706,2298.9506239819534,0.32115412,0.04597901247963908,17759.75301713602,0.3551950603427204,0.09583731347467227,1.0,500
0.1,1000,0.01,0.8,0.9826820480413088,0.4309856099854785,796.188,154.7221203482233,0.796188,0.1547221203482233,1001.7997937110534,1.0017997937110534,0.20524239973077646,0.816,500
0.1,1000,0.01,0.9,1.09620464649425,0.4044818509229599,836.744,143.7488013856102,0.836744,0.14374880138561022,1140.9179797935055,1.1409179797935056,0.26660459838537903,0.772,500
0.1,1000,0.01,0.95,1.1375054507103148,0.40851962419151827,866.72,124.80605234283635,0.86672,0.12480605234283634,1255.8041790615127,1.2558041790615126,0.3098287022362698,0.792,500
0.1,1000,0.01,0.99,1.1671600483056095,0.4085397371434764,899.114,100.4893886859551,0.8991140000000001,0.10048938868595503,1471.3115823719108,1.4713115823719107,0.38890306392441176,0.782,500
0.1,1000,0.05,0.8,0.8289750899286491,0.1206071978931789,655.826,186.9823427948053,0.655826,0.18698234279480533,786.2923904006553,0.7862923904006553,0.16592604989369944,0.942,500
0.1,1000,0.05,0.9,0.9318253787355809,0.13432403796098,720.272,167.21038437035713,0.720272,0.16721038437035707,925.4105764831074,0.9254105764831074,0.22167304080606867,0.924,500
0.1,1000,0.05,0.95,0.9775174547885035,0.11133904860571081,759.662,150.2280822929549,0.7596620000000001,0.15022808229295492,1040.2967757511149,1.0402967757511148,0.2697641502815299,0.916,500
0.1,1000,0.05,0.99,1.0033021303470493,0.14067724240606116,806.574,130.33058215664727,0.8065739999999999,0.13033058215664722,1255.8041790615127,1.2558041790615126,0.35772311205177815,0.926,500
0.1,5000,0.01,0.8,0.8030660931594245,0.002644860408862585,2117.802,429.4893257787856,0.4235604,0.08589786515575716,2240.092438583182,0.4480184877166363,0.054591692948407135,1.0,500
0.1,5000,0.01,0.9,0.902054325818916,0.0017320862825937467,2311.65,467.5228451332009,0.46232999999999996,0.09350456902664016,2551.1701595700097,0.510234031914002,0.09388639118073576,1.0,500
0.1,5000,0.01,0.95,0.9513105627016084,0.0011209764207976885,2489.518,428.7264236885074,0.4979036,0.08574528473770145,2808.0635108098604,0.5616127021619721,0.11343956772473082,1.0,500
0.1,5000,0.01,0.99,0.9903386809103936,0.00027686312318632217,2733.424,436.8837316884527,0.5466848,0.08737674633769058,3289.9527142663737,0.6579905428532747,0.16916009517494665,1.0,500
0.1,5000,0.05,0.8,0.8028941938025422,0.0025665786157041495,1664.298,404.30506596966814,0.3328596,0.08086101319393357,1758.2032351266685,0.3516406470253337,0.05340977268757176,1.0,500
0.1,5000,0.05,0.9,0.9019090229739561,0.0016129551356064602,1878.884,385.1065575465193,0.37577679999999997,0.07702131150930387,2069.280956113497,0.41385619122269934,0.09201116723709601,1.0,500
0.1,5000,0.05,0.95,0.9510784015071284,0.0009142791589092292,2051.324,384.7492625256456,0.4102648,0.07694985250512909,2326.174307353347,0.46523486147066945,0.11815550815968899,1.0,500
0.1,5000,0.05,0.99,0.9903218072646245,0.00027091956189381446,2355.324,371.2142387437372,0.4710648,0.0742428477487474,2808.0635108098604,0.5616127021619721,0.16122837288651212,1.0,500
0.1,10000,0.01,0.8,0.8019774043821534,0.0017036916805752572,3031.744,519.3388567788093,0.3031744,0.05193388567788092,3167.969107613755,0.3167969107613755,0.04300076894258774,1.0,500
0.1,10000,0.01,0.9,0.9012677253201503,0.0010876231679711737,3355.462,529.7053407811783,0.3355462,0.05297053407811782,3607.8994395854415,0.36078994395854413,0.0699679810406376,1.0,500
0.1,10000,0.01,0.95,0.9508043582105473,0.0006949928723049694,3675.764,563.3991849365548,0.36757639999999997,0.05633991849365553,3971.201500992313,0.3971201500992313,0.07439499126863498,1.0,500
0.1,10000,0.01,0.99,0.9902198919518993,0.00018206204810793057,4139.578,548.56702733847,0.41395780000000004,0.05485670273384701,4652.695748081682,0.46526957480816816,0.11028396780366327,1.0,500
0.1,10000,0.05,0.8,0.8020444651825515,0.0017849357709790858,2390.834,454.99139418406946,0.2390834,0.04549913941840693,2486.4748605243863,0.24864748605243864,0.03846443897052558,1.0,500
0.1,10000,0.05,0.9,0.9012656325969287,0.0011728712768318945,2787.274,486.6137449739733,0.2787274,0.048661374497397346,2926.4051924960722,0.2926405192496072,0.04754337945163372,1.0,500
0.1,10000,0.05,0.95,0.9507734786233916,0.0006059136348020305,3038.47,494.61681804543076,0.303847,0.049461681804543044,3289.707253902944,0.3289707253902944,0.07637070247052345,1.0,500
0.1,10000,0.05,0.99,0.9901983798670788,0.00016509158103845088,3546.19,522.2279789747461,0.354619,0.052222797897474624,3971.201500992313,0.3971201500992313,0.10702340359362578,1.0,500
0.1,50000,0.01,0.8,0.8007893440905242,0.0006595790872629048,6910.482,763.4901414348037,0.13820964,0.015269802828696073,7083.794275243703,0.14167588550487406,0.024466023222807505,1.0,500
0.1,50000,0.01,0.9,0.9005090598238121,0.0004317285574639929,7876.904,859.6955598904709,0.15753808,0.01719391119780942,8067.508402896442,0.16135016805792884,0.02362617965517216,1.0,500
0.1,50000,0.01,0.95,0.9503066747573589,0.00026776788861045857,8553.968,856.222087721992,0.17107936,0.017124441754439838,8879.87650856801,0.1775975301713602,0.036701919024836355,1.0,500
0.1,50000,0.01,0.99,0.9900796778819851,6.613489099223016e-05,9892.392,955.8088697679336,0.19784784,0.019116177395358678,10403.743971334876,0.20807487942669753,0.049150764642400785,1.0,500
0.1,50000,0.05,0.8,0.8008016406135735,0.0006347661143574283,5392.8,717.4295242352997,0.107856,0.014348590484705997,5559.926812476836,0.11119853624953671,0.030059174898092636,1.0,500
0.1,50000,0.05,0.9,0.9005006797228802,0.0004544552004044813,6378.268,773.411996550879,0.12756536,0.015468239931017591,6543.640940129575,0.1308728188025915,0.025272312714380178,1.0,500
0.1,50000,0.05,0.95,0.9503026747559129,0.00026265100428612465,7052.988,817.056896305024,0.14105976,0.016341137926100483,7356.009045801145,0.14712018091602289,0.04119367498251111,1.0,500
0.1,50000,0.05,0.99,0.990077504556578,6.738296144585525e-05,8397.272,888.2086642667687,0.16794544,0.017764173285335378,8879.87650856801,0.1775975301713602,0.054348110370944364,1.0,500
0.5,1000,0.01,0.8,0.8070686240737349,0.005832530621196238,199.242,27.38560532026844,0.199242,0.02738560532026842,200.3599587422107,0.2003599587422107,0.005579751309736913,1.0,500
0.5,1000,0.01,0.9,0.9046290051834757,0.0037778075108593065,222.238,28.741633896458914,0.222238,0.02874163389645891,228.18359595870115,0.22818359595870114,0.026056193626544634,1.0,500
0.5,1000,0.01,0.95,0.9527777907378489,0.0021708679911816423,239.168,28.241723848445652,0.23916800000000002,0.028241723848445654,251.1608358123026,0.2511608358123026,0.04774962534869508,1.0,500
0.5,1000,0.01,0.99,0.9907094135173143,0.0005100042546326453,273.254,30.45620864931454,0.273254,0.030456208649314503,294.26231647438215,0.29426231647438217,0.07139315943029052,1.0,500
0.5,1000,0.05,0.8,0.8069468876637422,0.0053392373671194,155.74,26.652074330758282,0.15574000000000002,0.026652074330758273,157.25847808013108,0.15725847808013108,0.009655937782618737,1.0,500
0.5,1000,0.05,0.9,0.9042318134052533,0.003491997972878128,178.84,26.255534772927877,0.17884,0.026255534772927882,185.08211529662154,0.18508211529662152,0.0337261938389758,1.0,500
0.5,1000,0.05,0.95,0.9525881604800511,0.0020019903519491768,197.364,26.586861914353587,0.197364,0.026586861914353596,208.05935515022296,0.20805935515022295,0.051405307598404684,1.0,500
0.5,1000,0.05,0.99,0.9907111209643095,0.0005323699635083253,235.978,29.4086254439238,0.23597800000000002,0.02940862544392379,251.1608358123026,0.2511608358123026,0.060450650131014035,1.0,500
0.5,5000,0.01,0.8,0.8031759209681723,0.0025159407851693444,444.394,40.80638536028822,0.0888788,0.008161277072057643,448.01848771663634,0.08960369754332727,0.008090040513972706,1.0,500
0.5,5000,0.01,0.9,0.9016828104739689,0.0014443234408636526,502.122,43.66789307685388,0.10042440000000001,0.008733578615370774,510.23403191400195,0.10204680638280039,0.015898649260167656,1.0,500
0.5,5000,0.01,0.95,0.9510315349099153,0.0008996075239092609,551.094,46.70833438479695,0.1102188,0.00934166687695939,561.6127021619722,0.11232254043239442,0.01872945914770005,1.0,500
0.5,5000,0.01,0.99,0.9902787902218319,0.00022052787991023757,637.64,50.40972804293557,0.127528,0.010081945608587117,657.9905428532746,0.13159810857065493,0.030928321195966814,1.0,500
0.5,5000,0.05,0.8,0.8029776983197434,0.0023755214329002905,349.964,35.79784456291609,0.06999280000000001,0.00715956891258322,351.6406470253337,0.07032812940506673,0.004768069446797585,1.0,500
0.5,5000,0.05,0.9,0.9018641713399368,0.001536486880876169,407.35,38.079069461610054,0.08147,0.007615813892322014,413.85619122269935,0.08277123824453987,0.01572089861330193,1.0,500
0.5,5000,0.05,0.95,0.9511168802996814,0.00089593182012094,455.76,43.154641072452286,0.091152,0.008630928214490453,465.23486147066944,0.09304697229413389,0.020365759867431606,1.0,500
0.5,5000,0.05,0.99,0.9902787453308018,0.00022642118462327872,544.896,45.92222648970259,0.10897920000000001,0.009184445297940517,561.6127021619722,0.11232254043239442,0.029765534322175772,1.0,500
0.5,10000,0.01,0.8,0.8021635943524843,0.0017941876332401427,630.586,50.870602910531346,0.06305859999999999,0.005087060291053137,633.593821522751,0.0633593821522751,0.004747239352054006,1.0,500
0.5,10000,0.01,0.9,0.9013845861989472,0.0011392795848449823,712.116,53.171015202979056,0.0712116,0.005317101520297907,721.5798879170882,0.07215798879170882,0.013115509558347878,1.0,500
0.5,10000,0.01,0.95,0.9507271774423203,0.0005659217385090285,782.55,56.68687947496512,0.07825499999999999,0.005668687947496506,794.2403001984627,0.07942403001984627,0.01471884541182517,1.0,500
0.5,10000,0.01,0.99,0.9901933697861202,0.00015335045155858015,908.2,59.919351275815934,0.09082,0.005991935127581598,930.5391496163363,0.09305391496163364,0.02400667357794335,1.0,500
0.5,10000,0.05,0.8,0.8021855177709032,0.0016454591141295309,495.378,44.295906929890066,0.0495378,0.004429590692989005,497.2949721048772,0.04972949721048772,0.003854798886792164,1.0,500
0.5,10000,0.05,0.9,0.9012739417872004,0.0010406415277269892,579.8,50.56046599313427,0.05798,0.005056046599313421,585.2810384992144,0.058528103849921444,0.009364797659034063,1.0,500
0.5,10000,0.05,0.95,0.9507171907875084,0.0005623807789769833,649.392,48.89961841735296,0.0649392,0.004889961841735299,657.9414507805889,0.06579414507805889,0.012994242527881051,1.0,500
0.5,10000,0.05,0.99,0.990201845103459,0.0001601442651703425,776.372,52.26563890377732,0.07763719999999999,0.005226563890377728,794.2403001984627,0.07942403001984627,0.022497347709500414,1.0,500
0.5,50000,0.01,0.8,0.8009299073634388,0.0007353575440373628,1410.916,73.70814558412722,0.028218319999999998,0.0014741629116825452,1416.7588550487405,0.02833517710097481,0.004124099897395491,1.0,500
0.5,50000,0.01,0.9,0.9005686462357483,0.0004504199472122635,1601.616,80.66430439796784,0.032032319999999996,0.001613286087959358,1613.5016805792886,0.03227003361158577,0.007366388719856501,1.0,500
0.5,50000,0.01,0.95,0.9503623261297887,0.0002711215803503407,1761.23,81.74902388292861,0.0352246,0.0016349804776585708,1775.9753017136022,0.03551950603427204,0.008302650211055647,1.0,500
0.5,50000,0.01,0.99,0.9900892802229206,7.200763807438565e-05,2062.034,91.15680979468225,0.041240679999999995,0.001823136195893646,2080.7487942669754,0.04161497588533951,0.008994259335168182,1.0,500
0.5,50000,0.05,0.8,0.8009432748794088,0.000761981266406781,1106.064,66.93265170100057,0.02212128,0.0013386530340200118,1111.9853624953673,0.022239707249907346,0.005325036367456636,1.0,500
0.5,50000,0.05,0.9,0.9005288707302388,0.0004402881680002438,1301.332,76.00119828187279,0.02602664,0.0015200239656374588,1308.7281880259152,0.026174563760518302,0.005651431743876107,1.0,500
0.5,50000,0.05,0.95,0.9503467689988548,0.00028293075340753837,1465.93,80.04591054882934,0.0293186,0.0016009182109765834,1471.2018091602288,0.029424036183204577,0.0035833351532092174,1.0,500
0.5,50000,0.05,0.99,0.9900821073979479,6.575244066840128e-05,1759.306,83.46427339806979,0.03518612,0.0016692854679613948,1775.9753017136022,0.03551950603427204,0.009385998610182366,1.0,500
1.0,1000,0.01,0.8,0.8083475766946501,0.0063190695364259905,99.98,9.73103211236834,0.09998,0.00973103211236834,100.17997937110535,0.10017997937110534,0.0019962009611176196,1.0,500
1.0,1000,0.01,0.9,0.9051604437148938,0.003920604920254911,112.836,10.598951814170976,0.11283599999999999,0.010598951814170981,114.09179797935057,0.11409179797935057,0.011006908485900645,1.0,500
1.0,1000,0.01,0.95,0.9529626340920494,0.0023278351264946575,122.688,10.629611153119999,0.122688,0.01062961115312,125.5804179061513,0.1255804179061513,0.023032395929059958,1.0,500
1.0,1000,0.01,0.99,0.9907429182752593,0.0005955805495374859,143.214,11.264367534482526,0.143214,0.011264367534482516,147.13115823719107,0.14713115823719108,0.02662358051226784,1.0,500
1.0,1000,0.05,0.8,0.8080810915239756,0.006315953352889994,78.292,8.283959437849502,0.078292,0.008283959437849502,78.62923904006554,0.07862923904006554,0.004288977537906695,1.0,500
1.0,1000,0.05,0.9,0.905125118397603,0.003799872202648116,91.746,9.513911552355953,0.091746,0.009513911552355958,92.54105764831077,0.09254105764831076,0.008591404383255187,1.0,500
1.0,1000,0.05,0.95,0.9527839702344134,0.002194177444443879,101.998,9.764255084475693,0.101998,0.009764255084475695,104.02967757511148,0.10402967757511147,0.01952978825340064,1.0,500
1.0,1000,0.05,0.99,0.9907632688065104,0.0005667012464090253,122.464,10.507021414178045,0.122464,0.010507021414178048,125.5804179061513,0.1255804179061513,0.024816113516043955,1.0,500
1.0,5000,0.01,0.8,0.8037978601847534,0.002869606204753704,224.264,15.30342097005678,0.044852800000000005,0.0030606841940113557,224.00924385831817,0.044801848771663634,-0.0011372572724855242,1.0,500
1.0,5000,0.01,0.9,0.9021731022645747,0.0016273230664645367,252.414,15.247280515759277,0.050482799999999994,0.003049456103151854,255.11701595700097,0.051023403191400196,0.01059520058613649,1.0,500
1.0,5000,0.01,0.95,0.9513412342595069,0.0010489650631723098,279.022,17.00140027240239,0.055804400000000004,0.0034002800544804842,280.8063510809861,0.05616127021619721,0.006354382919464042,1.0,500
1.0,5000,0.01,0.99,0.9903335592271397,0.00025308470364813633,325.154,18.12841866038659,0.0650308,0.0036256837320773165,328.9952714266373,0.06579905428532747,0.011675764852121576,1.0,500
1.0,5000,0.05,0.8,0.8034442024381084,0.002644667590025453,175.768,13.478334727036117,0.0351536,0.0026956669454072254,175.82032351266685,0.03516406470253337,0.00029759649863835534,1.0,500
1.0,5000,0.05,0.9,0.9022322463638578,0.0017282153777897404,205.81,14.108437049935187,0.041162,0.002821687409987039,206.92809561134968,0.041385619122269936,0.005403304988848343,1.0,500
1.0,5000,0.05,0.95,0.9512641296718548,0.0010185737329653252,230.96,15.02284166005507,0.046192,0.003004568332011014,232.61743073533472,0.046523486147066945,0.007125135593215776,1.0,500
1.0,5000,0.05,0.99,0.9903402385630187,0.0002673636613863565,279.288,16.53929116693363,0.0558576,0.00330785823338673,280.8063510809861,0.05616127021619721,0.005407110897389065,1.0,500
1.0,10000,0.01,0.8,0.8024447671091601,0.0018511514517583723,316.454,17.872289205439955,0.0316454,0.001787228920543996,316.7969107613755,0.03167969107613755,0.001082430887824624,1.0,500
1.0,10000,0.01,0.9,0.9016080540667866,0.0012531001371737128,360.066,19.216247613535018,0.0360066,0.0019216247613534998,360.7899439585441,0.03607899439585441,0.002006552484808905,1.0,500
1.0,10000,0.01,0.95,0.9509059801627275,0.0006859369425363758,395.104,20.687898934513612,0.039510399999999994,0.0020687898934513603,397.12015009923135,0.039712015009923135,0.005076927218947764,1.0,500
1.0,10000,0.01,0.99,0.990235874686624,0.0001785382362444103,459.584,20.44747276033321,0.045958399999999996,0.0020447472760333216,465.26957480816816,0.04652695748081682,0.012219958312366306,1.0,500
1.0,10000,0.05,0.8,0.802396117083677,0.0018056017100943915,249.118,15.505124758852311,0.024911799999999998,0.0015505124758852322,248.6474860524386,0.02486474860524386,-0.0018922932020400127,1.0,500
1.0,10000,0.05,0.9,0.9015283454469399,0.0011496949843433886,290.512,18.481585267178144,0.029051200000000003,0.0018481585267178136,292.6405192496072,0.029264051924960722,0.0072734946447784105,1.0,500
1.0,10000,0.05,0.95,0.9509289316615491,0.0007144272268588784,326.586,19.404010803711206,0.0326586,0.0019404010803711206,328.97072539029443,0.032897072539029446,0.007249050466314782,1.0,500
1.0,10000,0.05,0.99,0.9902478344497266,0.00018530804961925388,392.634,18.62691514813636,0.0392634,0.0018626915148136376,397.12015009923135,0.039712015009923135,0.011296707301582137,1.0,500
1.0,50000,0.01,0.8,0.8010284862785014,0.0008471433036181696,705.922,25.556019570201958,0.01411844,0.0005111203914040387,708.3794275243703,0.014167588550487406,0.003469083698489776,1.0,500
1.0,50000,0.01,0.9,0.9006935784188004,0.0005189956199549125,804.066,26.425257472065045,0.016081320000000003,0.0005285051494413007,806.7508402896443,0.016135016805792886,0.0033279671437097097,1.0,500
1.0,50000,0.01,0.95,0.9504243958235513,0.00032885673350789275,886.232,29.85318410492262,0.01772464,0.0005970636820984524,887.9876508568011,0.01775975301713602,0.001977111793285737,1.0,500
1.0,50000,0.01,0.99,0.9900996853000313,7.703649737833407e-05,1036.518,33.20021361932387,0.02073036,0.0006640042723864775,1040.3743971334877,0.020807487942669754,0.003706739750721606,1.0,500
1.0,50000,0.05,0.8,0.801042816538197,0.0008211929795895555,555.832,23.544095328759166,0.01111664,0.00047088190657518323,555.9926812476837,0.011119853624953673,0.0002889988539472082,1.0,500
1.0,50000,0.05,0.9,0.9006955792552198,0.0005318224948900897,652.514,25.7459027228417,0.013050280000000001,0.0005149180544568343,654.3640940129576,0.013087281880259151,0.0028273159085053373,1.0,500
1.0,50000,0.05,0.95,0.9504069215933821,0.0003178742478178394,733.254,26.31871641374888,0.01466508,0.0005263743282749778,735.6009045801144,0.014712018091602289,0.003190459072986095,1.0,500
1.0,50000,0.05,0.99,0.9901119517453232,8.65789494565294e-05,884.602,30.434192549701482,0.01769204,0.0006086838509940292,887.9876508568011,0.01775975301713602,0.0038127229061511924,1.0,500
