theta,N,alpha,lambda,psi,mean_theta_hat,sd_theta_hat,mean_b_hat,sd_b_hat,power,sd_outer_power,mean_seq_stopping_time,mean_total_stopping_time,mean_total_stopping_fraction,early_stop_prob,n_outer_success,n_inner_success
0.05,1000,0.01,0.25,0.1,0.03215313518918822,0.11493959019398324,0.35998643690893123,0.3850323352033208,0.08727272727272728,0.10840856882632016,520.6557575757575,620.6557575757575,0.6206557575757575,0.5381818181818182,330,3300
0.05,1000,0.01,0.25,0.25,0.01238257824028742,0.05769241550995888,0.14944887289853753,0.26475108555692645,0.043750000000000004,0.07221970835242834,259.855078125,509.855078125,0.509855078125,0.72890625,256,2560
0.05,1000,0.01,0.25,0.5,0.006449057590481695,0.024764537032740164,0.07636320770002884,0.15619687195513768,0.02203389830508475,0.047914922033400746,118.28305084745762,618.2830508474576,0.6182830508474577,0.8028248587570621,177,1770
0.05,1000,0.01,0.25,0.75,-1.676005117301942e-05,0.017527767080564992,0.11633793824957372,0.18745584412519833,0.024786324786324785,0.058583837517466486,91.11452991452991,841.1145299145298,0.84111452991453,0.6803418803418803,117,1170
0.05,1000,0.01,0.25,0.9,-0.0023738212062693075,0.013935991191095034,0.15857218509170135,0.23054167230340764,0.009302325581395349,0.03638974314683672,45.11976744186047,945.1197674418605,0.9451197674418604,0.5790697674418605,86,860
0.05,1000,0.01,0.5,0.1,0.056500917710424786,0.10132256809614526,0.21169657258479585,0.39465448173364187,0.0544,0.10403020988702408,248.904,348.904,0.348904,0.7876000000000001,500,5000
0.05,1000,0.01,0.5,0.25,0.047301934727313734,0.06448568296175405,0.06244774117989559,0.22422919274814437,0.0176,0.04706027346581567,102.04060000000001,352.0406,0.3520406,0.8994,500,5000
0.05,1000,0.01,0.5,0.5,0.04749327088234306,0.045280366569941305,0.007540430136448189,0.046563636003469445,0.0128,0.034036406301309434,32.9514,532.9514,0.5329514000000002,0.9508,500,5000
0.05,1000,0.01,0.5,0.75,0.03988963030297045,0.028957614815004164,0.00760842725791393,0.03263567717297085,0.008735632183908047,0.02907184005363318,17.366436781609195,767.3664367816092,0.7673664367816093,0.9439080459770115,435,4350
0.05,1000,0.01,0.5,0.9,0.020137473670975087,0.019304336840600598,0.019680680605895704,0.06582664275863107,0.010050251256281407,0.03177409985591603,13.817587939698491,913.8175879396986,0.9138175879396986,0.8889447236180905,199,1990
0.05,1000,0.01,0.75,0.1,0.046476651787510016,0.09466865335348777,0.33060006804929976,0.4038533209946356,0.07707910750507099,0.10755027104779362,498.5657200811359,598.565720081136,0.5985657200811358,0.5679513184584178,493,4930
0.05,1000,0.01,0.75,0.25,0.04748412658693755,0.06816765840945416,0.2296880679030701,0.3206767669133877,0.062200000000000005,0.0970050512082739,409.21840000000003,659.2184,0.6592184,0.5912000000000001,500,5000
0.05,1000,0.01,0.75,0.5,0.050046399492099894,0.04649168254206241,0.042675806868344004,0.057670959330849494,0.021200000000000004,0.047276104536226764,234.2142,734.2142,0.7342142,0.6564,500,5000
0.05,1000,0.01,0.75,0.75,0.048012181589141716,0.03517503577052313,0.005642205098562361,0.0031693509346394223,0.012,0.034327200780530524,6.5552,756.5551999999999,0.7565552000000001,0.9823999999999999,500,5000
0.05,1000,0.01,0.75,0.9,0.05118939976210392,0.03411788688053264,0.0025761601528690174,0.008375301087115511,0.0102,0.03283468033139548,4.530600000000001,904.5305999999999,0.9045306000000001,0.9703999999999999,500,5000
0.05,1000,0.05,0.25,0.1,0.034638908004253996,0.11279477046743658,0.40820503738794656,0.38722262194864154,0.21687344913151366,0.19435606490392726,476.3749379652606,576.3749379652605,0.5763749379652605,0.6863523573200994,403,4030
0.05,1000,0.05,0.25,0.25,0.02512387401789022,0.06748991032422375,0.2364503746456605,0.330081297156498,0.14932432432432433,0.1555729145619655,264.7462837837838,514.7462837837837,0.5147462837837838,0.7861486486486486,296,2960
0.05,1000,0.05,0.25,0.5,0.009135376092784454,0.02901458648056192,0.10951573167261937,0.187576849654135,0.08539823008849558,0.10958130739403879,113.32787610619468,613.3278761061947,0.6133278761061948,0.8535398230088496,226,2260
0.05,1000,0.05,0.25,0.75,0.00813065357428724,0.015952952510580647,0.08887851178516802,0.16962850856138384,0.06460176991150443,0.07782805450650822,52.4,802.4,0.8024000000000001,0.8460176991150442,113,1130
0.05,1000,0.05,0.25,0.9,-0.0013118201858800783,0.013001554901119431,0.20931200839764932,0.2674664310749886,0.07011494252873564,0.08506487610181765,40.04252873563218,940.0425287356321,0.9400425287356321,0.6574712643678161,87,870
0.05,1000,0.05,0.5,0.1,0.047871658952143646,0.10107975415072971,0.3031371076392068,0.41410196605766364,0.16319999999999998,0.19617014413743444,272.8138,372.8138,0.37281380000000003,0.823,500,5000
0.05,1000,0.05,0.5,0.25,0.04521989237616212,0.06508508695996991,0.14525776948171204,0.30325484628528576,0.08960000000000001,0.12329738232816602,128.07139999999998,378.07140000000004,0.3780714,0.8906000000000001,500,5000
0.05,1000,0.05,0.5,0.5,0.05315246176350199,0.04394214982997479,0.021656537376409955,0.07007612273102926,0.05380000000000001,0.07359614654023092,24.963,524.963,0.5249630000000001,0.9708,500,5000
0.05,1000,0.05,0.5,0.75,0.045225237936469216,0.03026615316588133,0.014630129443014481,0.04455409124045037,0.05592841163310962,0.0742947364764102,12.494183445190156,762.4941834451902,0.7624941834451903,0.9675615212527964,447,4470
0.05,1000,0.05,0.5,0.9,0.024442145215407843,0.020656427034966143,0.030740714045758278,0.09098196235061247,0.05471698113207547,0.07529245438834897,9.378867924528302,909.3788679245283,0.9093788679245283,0.9343396226415094,265,2650
0.05,1000,0.05,0.75,0.1,0.04328578173465415,0.0971086745172886,0.4333147778975833,0.419619156361273,0.22808080808080808,0.21064618515222092,463.7840404040404,563.7840404040404,0.5637840404040404,0.7,495,4950
0.05,1000,0.05,0.75,0.25,0.051962188021606404,0.06379454543523194,0.38922336979535965,0.3616405126479249,0.1938,0.1783400413274634,415.19759999999997,665.1976,0.6651975999999999,0.6652,500,5000
0.05,1000,0.05,0.75,0.5,0.04871272618790923,0.04434793342689718,0.18386627922828758,0.19299714737382495,0.1102,0.11144865007350431,226.48,726.48,0.72648,0.7163999999999999,500,5000
0.05,1000,0.05,0.75,0.75,0.050314708232299485,0.036970541457870376,0.03168979211078027,0.012547288481263496,0.053,0.07170273750095084,5.3354,755.3354,0.7553354000000001,0.9896,500,5000
0.05,1000,0.05,0.75,0.9,0.05022572588008206,0.03572075494679319,0.013435401389569583,0.028235533989169587,0.051800000000000006,0.07146309500641422,4.496,904.496,0.904496,0.9723999999999999,500,5000
0.05,5000,0.01,0.25,0.1,0.0495820887808233,0.05307152021459759,0.5806348707886088,0.44849644219644386,0.4987654320987654,0.38837402646937624,2669.537345679012,3169.537345679012,0.6339074691358024,0.8891975308641976,324,3240
0.05,5000,0.01,0.25,0.25,0.045573006067982716,0.045698503885092764,0.4965978810325049,0.47815714551333494,0.37575757575757573,0.3626043189092598,1910.600606060606,3160.600606060606,0.6321201212121212,0.8606060606060606,165,1650
0.05,5000,0.01,0.25,0.5,0.025755187263855013,0.040320544091307114,0.2134928862846044,0.3971674583308894,0.10740740740740741,0.192005460511145,600.5370370370371,3100.537037037037,0.6201074074074073,0.8777777777777778,27,270
0.05,5000,0.01,0.25,0.75,0.0010120013143225248,0.005359179871980358,0.06730122044452441,0.12243536522306316,0.025,0.05,377.325,4127.325,0.8254649999999999,0.775,4,40
0.05,5000,0.01,0.25,0.9,0.0023121461372396,,6.523219429048648e-05,,0.0,,1.0,4501.0,0.9002000000000001,1.0,1,10
0.05,5000,0.01,0.5,0.1,0.0487630957609356,0.04383866768320163,0.3938282821398168,0.474222735126066,0.33,0.4007257944338613,1688.2588,2188.2587999999996,0.43765175999999995,0.9278,500,5000
0.05,5000,0.01,0.5,0.25,0.04826737875019384,0.0279947709271465,0.24424151979845796,0.4237244456640942,0.19119999999999998,0.32884470145549066,859.1274000000001,2109.1274,0.42182548,0.938,500,5000
0.05,5000,0.01,0.5,0.5,0.04924694638400317,0.018929685736629898,0.024705209513047936,0.15249638303826274,0.028041237113402062,0.09936408524453348,63.37092783505154,2563.370927835051,0.5126741855670102,0.9888659793814434,485,4850
0.05,5000,0.01,0.5,0.75,0.02792622028218998,0.009322462351947409,0.0015202904487268234,0.010870118706774725,0.009615384615384616,0.03273675755166149,16.417307692307695,3766.417307692308,0.7532834615384615,0.9913461538461538,104,1040
0.05,5000,0.01,0.5,0.9,0.01379779225417596,0.0062944326735550815,0.0008109885412937923,0.0029012798917335664,0.006666666666666667,0.025819888974716113,1.68,4501.679999999999,0.900336,1.0,15,150
0.05,5000,0.01,0.75,0.1,0.04490967250758614,0.040627195567500156,0.5588887551933281,0.42450756794008776,0.4812889812889813,0.37369662615438265,2688.780873180873,3188.780873180873,0.6377561746361746,0.8954261954261954,481,4810
0.05,5000,0.01,0.75,0.25,0.04751819742884173,0.02834736120684195,0.5101960935187776,0.4005998859544163,0.4026,0.3270277270638332,2337.727,3587.727,0.7175454,0.8418,500,5000
0.05,5000,0.01,0.75,0.5,0.049823949480384704,0.021096927982242147,0.23404804353044945,0.3154302479580199,0.15380000000000002,0.19860626600839063,1333.8152,3833.8152,0.7667630400000001,0.798,500,5000
0.05,5000,0.01,0.75,0.75,0.050339442782183025,0.016092094958056333,0.0020837977685440154,0.0012767241803631733,0.009800000000000001,0.03042715272986436,1.0002,3751.0002000000004,0.7502000399999998,1.0,500,5000
0.05,5000,0.01,0.75,0.9,0.04966662923230109,0.013509816557713071,3.6153287038241914e-05,0.00020820641370402482,0.010833333333333334,0.0324267817179221,1.0,4501.0,0.9002000000000001,1.0,480,4800
0.05,5000,0.05,0.25,0.1,0.051263073785729425,0.05269344870948851,0.620278865056534,0.4228836020591041,0.6102150537634409,0.39926206458267727,2444.9564516129035,2944.9564516129035,0.5889912903225807,0.9741935483870967,372,3720
0.05,5000,0.05,0.25,0.25,0.05198973436297209,0.03748052942774857,0.6030433738200116,0.4724201974679707,0.5692607003891051,0.42677551701810407,1981.3081712062258,3231.3081712062253,0.646261634241245,0.9513618677042801,257,2570
0.05,5000,0.05,0.25,0.5,0.038859014670076034,0.03890739331109229,0.38084942477159395,0.47543399234160916,0.33076923076923076,0.3632848293969691,877.0288461538462,3377.028846153846,0.6754057692307692,0.9115384615384615,52,520
0.05,5000,0.05,0.25,0.75,0.008646770885986576,0.001511932526094507,1.0152090892154861e-06,9.060820482949405e-07,0.025,0.05,1.0,3751.0,0.7501999999999999,1.0,4,40
0.05,5000,0.05,0.5,0.1,0.050519469308141614,0.04454578619202323,0.4881644732470968,0.46579032763553624,0.4738,0.4465561384300287,1837.7338,2337.7338,0.46754676,0.9782000000000001,500,5000
0.05,5000,0.05,0.5,0.25,0.050847758288623084,0.027751499887322104,0.4493522595723066,0.4826326695377343,0.4354,0.43232006810066687,1414.7226,2664.7226,0.53294452,0.9612,500,5000
0.05,5000,0.05,0.5,0.5,0.05111128459696389,0.019738893589081055,0.1427240935339614,0.34556928313831076,0.15259999999999999,0.27401351574991195,317.1582,2817.1582000000003,0.5634316399999999,0.9693999999999999,500,5000
0.05,5000,0.05,0.5,0.75,0.032530425820535586,0.009410179510794548,0.00045759503655046197,0.0032991968114896297,0.0545,0.06930922625611331,1.0,3751.0,0.7501999999999999,1.0,200,2000
0.05,5000,0.05,0.5,0.9,0.0175842046464294,0.004145939057087382,3.765054121881223e-05,0.00015699745740010315,0.06000000000000001,0.09403246919632546,1.0,4501.0,0.9002000000000001,1.0,20,200
0.05,5000,0.05,0.75,0.1,0.0416552552129832,0.0380411313043111,0.6456354647811837,0.3990900715701277,0.6235546038543897,0.378728671144376,2485.3147751605998,2985.3147751605998,0.5970629550321199,0.9648822269807281,467,4670
0.05,5000,0.05,0.75,0.25,0.05036475046575297,0.026509185739569358,0.7178529690867794,0.33514453676344164,0.6675350701402806,0.32099890570279943,2398.298396793587,3648.298396793587,0.7296596793587175,0.9354709418837676,499,4990
0.05,5000,0.05,0.75,0.5,0.05048129967501835,0.020581384221941404,0.5560741247385045,0.3396985964538839,0.4672,0.29943861971019675,1510.1904,4010.1904,0.80203808,0.8636,500,5000
0.05,5000,0.05,0.75,0.75,0.04886413971870656,0.01675936195389582,0.01775297956468401,0.04256557475993747,0.0476,0.071164378290511,3.2498,3753.2497999999996,0.7506499599999998,0.9992000000000001,500,5000
0.05,5000,0.05,0.75,0.9,0.050432288715065055,0.014675207704834964,0.00041697649066403534,0.00329956682570848,0.053521126760563385,0.07318141989660143,1.2074446680080484,4501.207444668008,0.9002414889336018,0.9997987927565392,497,4970
0.05,10000,0.01,0.25,0.1,0.05995933523514461,0.03462005541781902,0.7829962287145769,0.36931501773732095,0.7786350148367952,0.3705938449798904,5806.116913946587,6806.116913946587,0.6806116913946587,0.9934718100890209,337,3370
0.05,10000,0.01,0.25,0.25,0.0648570308254815,0.020216729579979175,0.9181289799662996,0.2682089778608154,0.8985074626865671,0.26504294216981106,5798.257711442786,8298.257711442786,0.8298257711442787,0.9796019900497512,201,2010
0.05,10000,0.01,0.25,0.5,0.07254499401217888,0.016642964515606987,0.9461958746492124,0.22287521734978621,0.8256410256410257,0.2197102741985319,4223.3,9223.300000000001,0.92233,0.8717948717948718,39,390
0.05,10000,0.01,0.5,0.1,0.05004646369550132,0.029542873223529678,0.5548039311017692,0.4758115525935944,0.5542,0.4720253975708339,4147.5938,5147.5938,0.51475938,0.995,500,5000
0.05,10000,0.01,0.5,0.25,0.04905911998173463,0.02020932568008494,0.4930116667350441,0.49579225812286926,0.4898,0.4816845440742314,3067.8204,5567.8204000000005,0.55678204,0.9873999999999999,500,5000
0.05,10000,0.01,0.5,0.5,0.04928904341146543,0.01488772016412994,0.23318692749237582,0.42012058846423794,0.21730337078651685,0.3768550634394656,1023.8114606741573,6023.811460674157,0.6023811460674158,0.9743820224719102,445,4450
0.05,10000,0.01,0.5,0.75,0.02281710332353846,0.0043458674437396915,9.367914234341838e-07,3.2771746208538084e-06,0.0,0.0,1.0,7501.0,0.7501,1.0,15,150
0.05,10000,0.01,0.75,0.1,0.04519198155370689,0.0262018487974868,0.7241003290946589,0.3762783670471723,0.7173423423423423,0.3799027556574529,5493.1549549549545,6493.1549549549545,0.6493154954954955,0.9948198198198198,444,4440
0.05,10000,0.01,0.75,0.25,0.049970756664793066,0.018941095633496188,0.7868252142787221,0.3150185789927837,0.7712851405622491,0.3189500427949077,5119.427309236948,7619.427309236948,0.7619427309236948,0.9775100401606426,498,4980
0.05,10000,0.01,0.75,0.5,0.04934249054333832,0.013828997737566469,0.5283810652251304,0.39722076129700906,0.4702,0.37068419651651474,3042.0652,8042.0652,0.8042065199999999,0.9242,500,5000
0.05,10000,0.01,0.75,0.75,0.04974766359826607,0.012101198729121854,0.004872299061140941,0.06123641003310291,0.008400000000000001,0.04210683996625594,10.3682,7510.3682,0.75103682,0.998,500,5000
0.05,10000,0.01,0.75,0.9,0.04436549489882021,0.0072728751898596174,1.6727291720253035e-06,1.2536809252666047e-05,0.011764705882352941,0.03610762867597009,1.0,9001.0,0.9000999999999999,1.0,306,3060
0.05,10000,0.05,0.25,0.1,0.05333786788467059,0.03626558111803692,0.721627130627721,0.3910430795378185,0.7313131313131314,0.380644746738395,4658.223737373738,5658.223737373738,0.5658223737373738,0.9997474747474747,396,3960
0.05,10000,0.05,0.25,0.25,0.05663731242124659,0.020965580160469555,0.8864270778954368,0.306563112732549,0.8858085808580858,0.300159874054395,5109.838283828383,7609.838283828383,0.7609838283828383,0.9963696369636963,303,3030
0.05,10000,0.05,0.25,0.5,0.06707848883067702,0.008358969731308643,0.9898489432351372,0.08686266598816436,0.9621212121212122,0.10153802208183174,4023.6280303030303,9023.628030303029,0.902362803030303,0.9681818181818181,132,1320
0.05,10000,0.05,0.5,0.1,0.048518195752803535,0.03229957047688454,0.54959765053865,0.4576537493342585,0.551,0.45672332148114525,3568.6526,4568.652599999999,0.45686526,0.9992000000000001,500,5000
0.05,10000,0.05,0.5,0.25,0.04948558031268001,0.02055460419999973,0.6824069428964429,0.4510196485522321,0.6884,0.43557420697231286,3838.9584,6338.9584,0.6338958399999999,0.996,500,5000
0.05,10000,0.05,0.5,0.5,0.05001853734418583,0.014290153480756062,0.44698163960663784,0.492582053608238,0.4598,0.4576711546203705,1769.699,6769.699,0.6769698999999999,0.9848,500,5000
0.05,10000,0.05,0.5,0.75,0.028041976264293677,0.010418619634877176,0.030010045312895008,0.17239176148645047,0.06363636363636364,0.14962073264211628,68.61212121212121,7568.612121212122,0.7568612121212122,0.9939393939393939,33,330
0.05,10000,0.05,0.75,0.1,0.04227686370779541,0.02507355493268765,0.8049546035160541,0.32664641574141334,0.8037914691943128,0.33174817184613403,5151.207819905214,6151.207819905214,0.6151207819905212,0.9990521327014219,422,4220
0.05,10000,0.05,0.75,0.25,0.0491739487704589,0.018487737292311325,0.8865973300392888,0.2322993853246935,0.8888663967611337,0.24047268015933682,4922.007287449393,7422.007287449393,0.7422007287449393,0.9957489878542509,494,4940
0.05,10000,0.05,0.75,0.5,0.0494273752204078,0.014948945056246665,0.82126350387018,0.2664297271301743,0.7956,0.2753402704456036,3273.6852000000003,8273.6852,0.8273685199999999,0.9722000000000001,500,5000
0.05,10000,0.05,0.75,0.75,0.05104079062727627,0.01188787554617905,0.08347794272421022,0.255826982806141,0.1088,0.20289132504757104,169.8384,7669.838400000001,0.76698384,0.9823999999999999,500,5000
0.05,10000,0.05,0.75,0.9,0.04820783705840605,0.009657447975706045,2.2864817369046815e-05,0.00026451512857139387,0.055233853006681516,0.07334788141833887,1.0,9001.0,0.9000999999999999,1.0,449,4490
0.05,50000,0.01,0.25,0.1,0.05026422698133218,0.013364768105989206,0.8314163408821426,0.1049975937466524,0.8357289527720739,0.15327908475249855,15310.509650924025,20310.509650924025,0.4062101930184805,1.0,487,4870
0.05,50000,0.01,0.25,0.25,0.04953303604055129,0.008671609440003052,0.8827470974911714,0.07947609520706041,0.8841683366733467,0.12929318089498246,15227.809018036072,27727.80901803607,0.5545561803607214,1.0,499,4990
0.05,50000,0.01,0.25,0.5,0.05044913551382505,0.006037117332312524,0.9773360284520418,0.0424090773957136,0.9759519038076152,0.06097308059802475,15431.129258517034,40431.12925851704,0.8086225851703407,1.0,499,4990
0.05,50000,0.01,0.25,0.75,0.052325810496752424,0.0037327049790043935,0.9993582926890828,0.0008683170695494355,0.9986522911051213,0.01154616416386033,9148.982479784367,46648.98247978437,0.9329796495956874,0.9997304582210242,371,3710
0.05,50000,0.01,0.5,0.1,0.04987078837614718,0.014282806894265471,0.4334653804791535,0.3481334954466314,0.4318,0.3678578513469505,11399.865800000001,16399.8658,0.3279973159999999,1.0,500,5000
0.05,50000,0.01,0.5,0.25,0.049551168365940534,0.009114292705573708,0.5829531860114452,0.2761602513877925,0.5786,0.3076871507969275,12349.090199999999,24849.0902,0.496981804,1.0,500,5000
0.05,50000,0.01,0.5,0.5,0.04974644689464077,0.006045210022345445,0.9274468257374164,0.14252169237316972,0.9258,0.15926421500249432,14951.0856,39951.0856,0.7990217119999999,1.0,500,5000
0.05,50000,0.01,0.5,0.75,0.051069735925418976,0.004571364727888575,0.998441025576763,0.002960388904471932,0.9982494529540481,0.013128878905789754,9057.730634573303,46557.7306345733,0.9311546126914662,0.999343544857768,457,4570
0.05,50000,0.01,0.75,0.1,0.0318363611802668,0.007102291116374606,0.9805023515588317,0.10468558718714675,0.9788617886178862,0.11032889171742045,22570.852032520324,27570.852032520324,0.5514170406504065,1.0,123,1230
0.05,50000,0.01,0.75,0.25,0.03978055299427548,0.004016080542356572,0.9999651431484343,0.00025226931347536194,1.0,0.0,22194.663194444445,34694.663194444445,0.693893263888889,1.0,144,1440
0.05,50000,0.01,0.75,0.5,0.04783059235970258,0.004378044002058302,0.9999882497024896,6.839016759014955e-05,1.0,0.0,16744.522704081635,41744.52270408163,0.8348904540816326,1.0,392,3920
0.05,50000,0.01,0.75,0.75,0.04973524764721283,0.005117956833851029,0.9929157715998307,0.06351996289909943,0.9927999999999999,0.06630953104807508,8915.9352,46415.9352,0.928318704,0.9996,500,5000
0.05,50000,0.05,0.25,0.1,0.05080287636193871,0.014199308266108586,0.8066789914695067,0.09268795623107877,0.8026422764227642,0.15374857832634917,11850.492479674796,16850.492479674795,0.3370098495934959,1.0,492,4920
0.05,50000,0.05,0.25,0.25,0.04931315838597354,0.00912955279071643,0.8493933688061356,0.07355692605389046,0.8525050100200401,0.13083274169775122,11507.124849699398,24007.1248496994,0.480142496993988,1.0,499,4990
0.05,50000,0.05,0.25,0.5,0.05016764388476715,0.006426599859086524,0.947678609155586,0.05612272101370772,0.9454,0.09063812962038746,12300.084,37300.084,0.74600168,1.0,500,5000
0.05,50000,0.05,0.25,0.75,0.0504491122845921,0.005151511538214319,0.9996508475603848,0.0022954476254094035,1.0,0.0,8582.60267489712,46082.60267489712,0.9216520534979423,1.0,486,4860
0.05,50000,0.05,0.5,0.1,0.04982237599103194,0.014632008473186025,0.3287962942646925,0.34839962159397697,0.3246,0.36392268332556255,6780.1592,11780.1592,0.23560318399999997,1.0,500,5000
0.05,50000,0.05,0.5,0.25,0.050375685306175075,0.009063965049971414,0.457367167030667,0.25130656119408046,0.458,0.2865662933440741,7667.6398,20167.6398,0.403352796,1.0,500,5000
0.05,50000,0.05,0.5,0.5,0.04967444751226145,0.006461034392283652,0.8240517119385342,0.1939396901790333,0.8172,0.2282286937993265,11247.4948,36247.4948,0.7249498959999999,1.0,500,5000
0.05,50000,0.05,0.5,0.75,0.050287082600751806,0.005155003849077283,0.9997544029870435,0.0006397654371004447,0.9997991967871486,0.004481107149482207,8538.56767068273,46038.56767068273,0.9207713534136546,1.0,498,4980
0.05,50000,0.05,0.5,0.9,0.06354373737908706,0.0012282812954753902,0.9959437142243281,0.0020048236379459333,0.95,0.07071067811865478,4068.95,49068.95,0.981379,0.95,2,20
0.05,50000,0.05,0.75,0.1,0.029378339057663825,0.007588183431231827,0.970380001229203,0.14336136758328485,0.9714285714285714,0.14430780390554504,20756.641836734692,25756.641836734692,0.5151328367346939,1.0,98,980
0.05,50000,0.05,0.75,0.25,0.03683697745093772,0.0038813696388848686,0.9999663749759028,0.0001982722124450443,1.0,0.0,20520.024444444443,33020.02444444445,0.6604004888888889,1.0,90,900
0.05,50000,0.05,0.75,0.5,0.045303058199300396,0.004229707927376175,0.999984242294898,0.0001553648733185808,1.0,0.0,15761.201976284585,40761.20197628458,0.8152240395256917,1.0,253,2530
0.05,50000,0.05,0.75,0.75,0.04955140329738775,0.004985865188031088,0.9996527125922984,0.0009847711412619086,1.0,0.0,8504.3034,46004.3034,0.9200860679999999,1.0,500,5000
0.05,50000,0.05,0.75,0.9,0.05790640804798992,0.0020272441690963997,0.9866155160102144,0.007284998921398351,0.9492063492063493,0.07593081713833615,3823.3269841269844,48823.32698412699,0.9764665396825397,0.9603174603174603,63,630
0.1,1000,0.01,0.25,0.1,0.09863994896626638,0.1162055642356128,0.5469690751668077,0.45726623785746157,0.41776315789473684,0.34861384609290047,523.8111842105263,623.8111842105263,0.6238111842105263,0.8197368421052631,304,3040
0.1,1000,0.01,0.25,0.25,0.07599433402446024,0.09580104784796359,0.37039507073602174,0.45702744998606104,0.25136612021857924,0.3128841240932333,305.36557377049184,555.3655737704918,0.5553655737704918,0.8398907103825136,183,1830
0.1,1000,0.01,0.25,0.5,0.024957743705734503,0.04283815570030739,0.05654978716603365,0.1864830516303763,0.043243243243243246,0.10939363311896615,54.178378378378376,554.1783783783783,0.5541783783783785,0.9405405405405405,37,370
0.1,1000,0.01,0.25,0.75,0.00892011680557844,0.011928523136834002,0.03407761964089863,0.0756426043494707,0.04,0.0894427190999916,43.980000000000004,793.98,0.7939800000000001,0.8800000000000001,5,50
0.1,1000,0.01,0.25,0.9,0.009005806336379176,0.0033902438603438186,4.743169630679867e-05,9.464193149147958e-05,0.07500000000000001,0.05,1.0,901.0,0.901,1.0,4,40
0.1,1000,0.01,0.5,0.1,0.09948823645158651,0.09815610721440719,0.34282365574566487,0.4634546292997874,0.255,0.3472696249094781,305.2162,405.2162,0.4052162,0.8936000000000001,500,5000
0.1,1000,0.01,0.5,0.25,0.10088878614839368,0.06158781243164614,0.19164201701552244,0.3877484710255522,0.1306,0.25173474285748293,142.6418,392.6418,0.3926418,0.9196,500,5000
0.1,1000,0.01,0.5,0.5,0.09724350909033334,0.044320627587282134,0.014922823589116606,0.11576776126295438,0.01862348178137652,0.06693316529079209,10.551012145748988,510.551012145749,0.510551012145749,0.9906882591093117,494,4940
0.1,1000,0.01,0.5,0.75,0.062097052763778054,0.018712425133124655,8.484482232784296e-05,0.0005722393036546777,0.0071823204419889505,0.02589111638996992,1.0,751.0,0.7510000000000001,1.0,181,1810
0.1,1000,0.01,0.5,0.9,0.031247105622760417,0.010626451847539018,4.369909584965191e-05,0.00014374432965894528,0.013793103448275864,0.03509312031717982,1.0,901.0,0.901,1.0,29,290
0.1,1000,0.01,0.75,0.1,0.09244300455436211,0.09268694231509034,0.5159963891997256,0.43334430945707175,0.3812757201646091,0.32982222344677936,532.8985596707819,632.8985596707819,0.6328985596707819,0.8197530864197531,486,4860
0.1,1000,0.01,0.75,0.25,0.10102034324160623,0.06235755040942396,0.4739225192782265,0.397904255642234,0.32780000000000004,0.2856753065308988,486.02959999999996,736.0296,0.7360296,0.7694,500,5000
0.1,1000,0.01,0.75,0.5,0.10004643011071677,0.04435645896462195,0.16800368301486507,0.25656780684430225,0.1022,0.15159525798813428,269.8562,769.8562,0.7698562000000001,0.7514,500,5000
0.1,1000,0.01,0.75,0.75,0.10024795343833132,0.03651430407778663,0.002565259590850086,0.0016448178207458392,0.009,0.03067379604038361,1.196,751.196,0.7511960000000001,0.9996,500,5000
0.1,1000,0.01,0.75,0.9,0.09883030290470708,0.03322133747718551,0.0001173102648065377,0.0006281720033138795,0.009072580645161291,0.029445151445184423,1.069758064516129,901.0697580645161,0.9010697580645162,0.9993951612903226,496,4960
0.1,1000,0.05,0.25,0.1,0.10947416232856758,0.11632933029576387,0.5862689283274872,0.43697912757015217,0.5530054644808743,0.390544733687645,483.24590163934425,583.2459016393443,0.5832459016393442,0.9338797814207651,366,3660
0.1,1000,0.05,0.25,0.25,0.10033529045664821,0.08445533841093082,0.5254350924867297,0.4781882149356944,0.470954356846473,0.4025785663379123,367.05684647302905,617.056846473029,0.617056846473029,0.9066390041493776,241,2410
0.1,1000,0.05,0.25,0.5,0.07652837545164563,0.09122498934741988,0.34731259669984005,0.4526104576400162,0.287719298245614,0.3246262551208458,175.94561403508771,675.9456140350877,0.6759456140350877,0.880701754385965,57,570
0.1,1000,0.05,0.25,0.75,0.016811437176955702,0.006320662515971004,0.0005520996930845274,0.0015286685318219096,0.06000000000000001,0.06992058987801011,1.0,751.0,0.7510000000000001,1.0,10,100
0.1,1000,0.05,0.25,0.9,0.0086661219211124,0.004171330717924074,0.0020729219988986827,0.0041414983349754115,0.07500000000000001,0.05,1.0,901.0,0.901,1.0,4,40
0.1,1000,0.05,0.5,0.1,0.09873503500277253,0.09912153676959556,0.4345735854693611,0.4610403194307178,0.4008,0.41663717196876726,337.7672,437.7672,0.4377672,0.9496,500,5000
0.1,1000,0.05,0.5,0.25,0.09794898415805908,0.06520430340712667,0.35649497901453214,0.4597775755500725,0.32780000000000004,0.38681573497681215,232.553,482.553,0.482553,0.941,500,5000
0.1,1000,0.05,0.5,0.5,0.10093350496242856,0.045036546005695254,0.08770043478365377,0.27538923012021294,0.10660000000000001,0.20361571333626216,40.3814,540.3814,0.5403814000000001,0.9736,500,5000
0.1,1000,0.05,0.5,0.75,0.07003834131493254,0.02134882380237245,0.0011652036270441255,0.008895900744890422,0.049411764705882356,0.07729205693841501,1.4266666666666667,751.4266666666666,0.7514266666666668,0.9992156862745099,255,2550
0.1,1000,0.05,0.5,0.9,0.03837332755380363,0.014545053979910716,0.005804719066498147,0.025974960226163007,0.047058823529411764,0.07064762801416988,2.426470588235294,902.4264705882352,0.9024264705882353,0.9911764705882353,34,340
0.1,1000,0.05,0.75,0.1,0.1005937347222055,0.0924105940415617,0.659538213266929,0.4034511934918884,0.6097457627118644,0.36174608839085437,540.5372881355933,640.5372881355931,0.6405372881355932,0.923093220338983,472,4720
0.1,1000,0.05,0.75,0.25,0.09933853041305972,0.0634959319081577,0.6430382540316784,0.36346294116027245,0.5586,0.31979771913246163,465.2038,715.2038,0.7152038000000001,0.8866,500,5000
0.1,1000,0.05,0.75,0.5,0.09770126237310174,0.04251093857034483,0.45392573519103596,0.3233179027210465,0.359,0.26472468399571897,285.04859999999996,785.0486,0.7850486,0.8312,500,5000
0.1,1000,0.05,0.75,0.75,0.10099231914312624,0.03654423375561338,0.021346989953658007,0.05974892472815956,0.052,0.07420925837155434,1.956,751.956,0.7519560000000002,0.9974,500,5000
0.1,1000,0.05,0.75,0.9,0.1011769191088189,0.033002641079574076,0.0011047182706142291,0.008536428788438478,0.0482,0.06561532398367752,1.1272,901.1271999999999,0.9011272,0.999,500,5000
0.1,5000,0.01,0.25,0.1,0.10794777569162338,0.04226621690304254,0.8479996743734155,0.28113516508006764,0.8535248041775456,0.2836409753846817,2504.348825065274,3004.3488250652745,0.6008697650130548,1.0,383,3830
0.1,5000,0.01,0.25,0.25,0.11119542680361062,0.02212950280613412,0.9813545518918306,0.05818839044252227,0.9835051546391753,0.06002654429394269,2640.462113402062,3890.462113402062,0.7780924226804123,1.0,388,3880
0.1,5000,0.01,0.25,0.5,0.11496578290950107,0.01266486845306468,0.9984022738784983,0.0022884416460984642,0.9936395759717314,0.027194547113849186,1930.8512367491167,4430.851236749117,0.8861702473498233,0.9939929328621908,283,2830
0.1,5000,0.01,0.5,0.1,0.09992761094735092,0.04665256067400242,0.5981353898937244,0.43283092034788234,0.605,0.4335099326698837,1926.5094,2426.5094,0.48530187999999996,1.0,500,5000
0.1,5000,0.01,0.5,0.25,0.09967708014249069,0.028739796534954863,0.8287266831539547,0.3516939155811911,0.8338,0.3483680245962914,2229.592,3479.592,0.6959184,1.0,500,5000
0.1,5000,0.01,0.5,0.5,0.10182669998511101,0.019379025051292062,0.8076380057159699,0.3893446936076435,0.8052516411378556,0.38641229929525145,1530.0638949671772,4030.063894967177,0.8060127789934354,0.9945295404814004,457,4570
0.1,5000,0.01,0.5,0.75,0.1422835386987675,0.011602083948830015,0.9916410976546852,0.00513766985933887,0.8666666666666667,0.10327955589886444,1085.4333333333334,4835.433333333333,0.9670866666666668,0.8166666666666668,6,60
0.1,5000,0.01,0.75,0.1,0.08056958231883599,0.03237473348703443,0.8655907521082513,0.2825386570226163,0.8641095890410958,0.29173521985989087,2630.935068493151,3130.935068493151,0.6261870136986301,1.0,365,3650
0.1,5000,0.01,0.75,0.25,0.09609931163718136,0.024878925484805026,0.9509489256981022,0.1637136353528218,0.950319829424307,0.17451062236903792,2529.4138592750537,3779.4138592750537,0.7558827718550107,1.0,469,4690
0.1,5000,0.01,0.75,0.5,0.10096257063549334,0.01999996850999307,0.932149350287414,0.1850763967015281,0.9272,0.19394687618408066,1772.5878,4272.5878,0.85451756,0.9936,500,5000
0.1,5000,0.01,0.75,0.75,0.10108374543940753,0.016395504233760738,0.1473987792676951,0.3478603951084653,0.1382,0.30598695402265796,160.3674,3910.3674,0.7820734799999999,0.9816,500,5000
0.1,5000,0.01,0.75,0.9,0.07115188458709391,0.004995181352086797,3.0614419540824415e-09,6.86462154826862e-09,0.015625,0.03689020326284735,1.0,4501.0,0.9002000000000001,1.0,32,320
0.1,5000,0.05,0.25,0.1,0.10511116345532887,0.041770083435287174,0.8511164703033945,0.24662528348812157,0.8505617977528089,0.24910813686553207,2172.159550561798,2672.159550561798,0.5344319101123596,1.0,445,4450
0.1,5000,0.05,0.25,0.25,0.10449061022690262,0.024846188094373965,0.9641694996207039,0.10260740419781862,0.9632054176072234,0.11246164058943517,2305.577426636569,3555.577426636569,0.7111154853273137,1.0,443,4430
0.1,5000,0.05,0.25,0.5,0.106462879099852,0.014574713620881323,0.9988900272733134,0.0020873340710563636,0.9972704714640198,0.01631450218725548,1776.955334987593,4276.955334987593,0.8553910669975187,0.9987593052109182,403,4030
0.1,5000,0.05,0.25,0.75,0.13371191407218136,0.005488434398143763,0.9981755935651411,0.0012882783770700704,0.9576923076923076,0.06433087546786176,993.9076923076923,4743.907692307693,0.9487815384615386,0.95,26,260
0.1,5000,0.05,0.5,0.1,0.10194164560475713,0.04513280387649872,0.5826958523324639,0.43371076868093855,0.5893999999999999,0.43155546600695605,1609.7402,2109.7402,0.42194803999999997,1.0,500,5000
0.1,5000,0.05,0.5,0.25,0.10224217162450454,0.02794609280543685,0.8419657422905523,0.3048677025228045,0.8456,0.30441086042368426,2076.4662,3326.4662000000003,0.66529324,1.0,500,5000
0.1,5000,0.05,0.5,0.5,0.10039774323975528,0.019844702188734017,0.9192069687846153,0.26771523667456826,0.9204,0.26007521649798365,1609.5133999999998,4109.5134,0.82190268,0.9992000000000001,500,5000
0.1,5000,0.05,0.5,0.75,0.12411326184104643,0.007512940092598638,0.9942347761551831,0.004916040929289134,0.958252427184466,0.06791614184037835,987.4922330097087,4737.492233009709,0.9474984466019417,0.958252427184466,103,1030
0.1,5000,0.05,0.75,0.1,0.07404153426029629,0.030386654029811697,0.8980342882476892,0.24004623263760363,0.902046783625731,0.23881775804688304,2401.4163742690057,2901.4163742690057,0.5802832748538012,1.0,342,3420
0.1,5000,0.05,0.75,0.25,0.09412956496648033,0.021750646438333153,0.9851050659338418,0.08058760090781938,0.9836405529953917,0.08452896146441392,2428.6235023041477,3678.6235023041477,0.7357247004608296,0.9997695852534562,434,4340
0.1,5000,0.05,0.75,0.5,0.0996569809345306,0.02012616459450843,0.9823170851652323,0.06824826861332761,0.9831663326653307,0.07469613402667957,1701.1334669338678,4201.133466933868,0.8402266933867736,0.9995991983967936,499,4990
0.1,5000,0.05,0.75,0.75,0.10048691630157451,0.01620492102880816,0.6036801743301194,0.47188592276142266,0.605,0.4406624181087683,579.6034000000001,4329.6034,0.86592068,0.9782000000000001,500,5000
0.1,5000,0.05,0.75,0.9,0.08088737125239281,0.006708661413522056,1.238464663183393e-07,1.2386459756429756e-06,0.05081967213114754,0.06586475203188875,1.0,4501.0,0.9002000000000001,1.0,122,1220
0.1,10000,0.01,0.25,0.1,0.10236869885154255,0.0300680721179299,0.8611698098948767,0.13220237677842867,0.8621564482029599,0.1665489724311335,3702.1215644820295,4702.1215644820295,0.47021215644820297,1.0,473,4730
0.1,10000,0.01,0.25,0.25,0.10039417174504289,0.019320423016764413,0.9170680462657066,0.08394472826581244,0.9246464646464646,0.11238411153239301,3683.7862626262627,6183.786262626263,0.6183786262626263,1.0,495,4950
0.1,10000,0.01,0.25,0.5,0.09991186015610516,0.01360579822235877,0.9943258624891055,0.022905278767998437,0.9929006085192698,0.040453529743826364,3373.5876267748476,8373.587626774848,0.8373587626774848,1.0,493,4930
0.1,10000,0.01,0.25,0.75,0.11102446198063036,0.004760957063204504,0.9987671695577421,0.0010847368481609755,0.9958579881656805,0.01998520162579473,1898.473372781065,9398.473372781065,0.9398473372781065,0.9923076923076922,169,1690
0.1,10000,0.01,0.5,0.1,0.10264787735075784,0.031013524035888564,0.47980769055788125,0.3695421910057527,0.48519999999999996,0.3824047944962347,2699.0852,3699.0852,0.36990852,1.0,500,5000
0.1,10000,0.01,0.5,0.25,0.09917059984854545,0.020105182485761364,0.7139206528726728,0.2987065191867803,0.7313999999999999,0.29922083184902903,3287.5544,5787.5544,0.57875544,1.0,500,5000
0.1,10000,0.01,0.5,0.5,0.10000398152974091,0.013530495609212953,0.9870619046957855,0.06535115000615187,0.9866,0.07328835081190914,3390.7834,8390.7834,0.83907834,1.0,500,5000
0.1,10000,0.01,0.5,0.75,0.10691954820771064,0.007967195532279087,0.9967189828269183,0.003921277223044647,0.9933534743202417,0.026133552304926658,1871.5900302114806,9371.59003021148,0.9371590030211481,0.9966767371601207,331,3310
0.1,10000,0.01,0.75,0.1,0.06767068822241296,0.019255233202911236,0.9497589059328866,0.17849309415942252,0.9468421052631579,0.19235528832846097,4720.75,5720.75,0.572075,1.0,190,1900
0.1,10000,0.01,0.75,0.25,0.08416210343373387,0.012512677520143723,0.9991679526481977,0.004695224549408948,0.998406374501992,0.01254791612990727,4622.881274900398,7122.881274900398,0.7122881274900399,1.0,251,2510
0.1,10000,0.01,0.75,0.5,0.09834313647196082,0.012635261401475577,0.9994196965125339,0.004295073441571033,0.99916142557652,0.00912846805635525,3442.99035639413,8442.99035639413,0.844299035639413,1.0,477,4770
0.1,10000,0.01,0.75,0.75,0.10008024280892479,0.011669152920102302,0.9144077862732889,0.26644716943776214,0.912,0.2644160200580265,1694.7613999999999,9194.761400000001,0.91947614,0.9956,500,5000
0.1,10000,0.05,0.25,0.1,0.10020706044766695,0.0305417887598564,0.8260385986859771,0.13918897441267614,0.8262396694214875,0.18312197226263244,2879.6481404958677,3879.6481404958677,0.38796481404958677,1.0,484,4840
0.1,10000,0.05,0.25,0.25,0.1000784792812079,0.019168022818232596,0.883748087985782,0.0883848804198141,0.8847695390781564,0.13129145738056394,2916.559519038076,5416.559519038076,0.5416559519038076,1.0,499,4990
0.1,10000,0.05,0.25,0.5,0.09924284247318653,0.014304461362593753,0.980245936621829,0.04228786521939641,0.9798792756539235,0.05712875872682522,3002.2382293762576,8002.238229376258,0.8002238229376257,1.0,497,4970
0.1,10000,0.05,0.25,0.75,0.10304851307770636,0.008888304175772226,0.9992367073836361,0.0010747423157944904,0.9988179669030733,0.010820485163533894,1754.5813238770686,9254.581323877068,0.9254581323877069,0.9995271867612293,423,4230
0.1,10000,0.05,0.5,0.1,0.10063627240824194,0.03204301865850837,0.3912455916812593,0.382119621619815,0.39080000000000004,0.39732996640627133,1742.035,2742.035,0.2742035,1.0,500,5000
0.1,10000,0.05,0.5,0.25,0.10089124900704229,0.020374342343517943,0.5604515865205351,0.30634943828646627,0.5752,0.3259408456602817,2152.7888,4652.7888,0.46527887999999995,1.0,500,5000
0.1,10000,0.05,0.5,0.5,0.10070040044572373,0.013888333518541945,0.9317655518524274,0.14775780745858239,0.9316,0.16314002984760476,2928.4548,7928.4547999999995,0.79284548,1.0,500,5000
0.1,10000,0.05,0.5,0.75,0.10039763935255297,0.01044645897561452,0.9985126183184585,0.0027139354641418315,0.9991578947368421,0.009147543293208974,1737.4357894736843,9237.435789473684,0.9237435789473685,0.9993684210526316,475,4750
0.1,10000,0.05,0.75,0.1,0.06499205866452006,0.016434080111529144,0.9859621229197415,0.08715572497092221,0.985625,0.0830600866085594,4509.185625,5509.185625,0.5509185624999999,1.0,160,1600
0.1,10000,0.05,0.75,0.25,0.07948106145332141,0.01032275652133646,0.9997379400684907,0.0015911320979795308,0.9994350282485877,0.007516460280028293,4348.197740112994,6848.197740112994,0.6848197740112995,1.0,177,1770
0.1,10000,0.05,0.75,0.5,0.09600478150029246,0.010635546124596846,0.9999392253880733,0.00044872032420656405,1.0,0.0,3270.576885644769,8270.576885644768,0.8270576885644768,1.0,411,4110
0.1,10000,0.05,0.75,0.75,0.09971661623980174,0.011884790758893433,0.9956584359436033,0.04502614064037216,0.9946,0.04421254911219207,1717.6753999999999,9217.6754,0.9217675399999999,0.9994,500,5000
0.1,10000,0.05,0.75,0.9,0.12542910983803865,0.0016597004455196573,0.9791147533585013,0.005782305776644691,0.9,0.09999999999999995,789.5666666666666,9789.566666666666,0.9789566666666666,1.0,3,30
0.1,50000,0.01,0.25,0.1,0.10000169842538448,0.013679926990283298,0.7429700140784178,0.006325757782540649,0.7477999999999999,0.13420574639235644,6230.6258,11230.625800000002,0.22461251599999998,1.0,500,5000
0.1,50000,0.01,0.25,0.25,0.09981917169414842,0.008796079534927876,0.7908996499184855,0.003907735626482252,0.7948,0.12507697029027365,5950.2918,18450.2918,0.369005836,1.0,500,5000
0.1,50000,0.01,0.25,0.5,0.10029663109403997,0.006306783392838848,0.8697620704681552,0.0024368896486984502,0.8644,0.10712418579557431,5278.662,30278.662,0.60557324,1.0,500,5000
0.1,50000,0.01,0.25,0.75,0.09972354730413847,0.005249997365207083,0.9461695047819071,0.0017038588035966857,0.9472,0.07058416428985326,4079.6522,41579.652200000004,0.831593044,1.0,500,5000
0.1,50000,0.01,0.25,0.9,0.09996275156716451,0.004778280873268125,0.9999963812972301,9.431870216728753e-06,1.0,0.0,3478.9238,48478.9238,0.969578476,1.0,500,5000
0.1,50000,0.01,0.5,0.1,0.09968852953890982,0.013828797092010773,0.1592353953004128,0.039195592530110235,0.1504,0.11733445678699421,2903.0438,7903.0437999999995,0.158060876,1.0,500,5000
0.1,50000,0.01,0.5,0.25,0.10086895658855252,0.008673242495263647,0.3222155909166964,0.007255334526719401,0.3152,0.1460534944686123,3665.5728,16165.5728,0.32331145599999994,1.0,500,5000
0.1,50000,0.01,0.5,0.5,0.10000736367228547,0.0061923219436695875,0.5803080180850236,0.005498911496519356,0.5902000000000001,0.15521644335758106,3978.822,28978.822,0.5795764400000001,1.0,500,5000
0.1,50000,0.01,0.5,0.75,0.09998377412641526,0.005249799958686444,0.82297552155697,0.004195856590312532,0.825,0.12484459277313291,3493.1372,40993.137200000005,0.819862744,1.0,500,5000
0.1,50000,0.01,0.5,0.9,0.09979510690765939,0.004741717952605061,0.9999965748731753,6.383951247468379e-06,1.0,0.0,3479.535,48479.535,0.9695906999999999,1.0,500,5000
0.1,50000,0.01,0.75,0.75,0.10032452361783384,0.0050901470969353,0.3867222303511842,0.0084048378923412,0.3876,0.1547065228632357,2331.2766,39831.276600000005,0.796625532,1.0,500,5000
0.1,50000,0.01,0.75,0.9,0.10026955067589968,0.0048455249216547485,0.999996296709702,1.2050741043525218e-05,0.9997999999999999,0.004472135954999579,3480.0496000000003,48480.0496,0.969600992,0.9997999999999999,500,5000
0.1,50000,0.05,0.25,0.1,0.10135106190246217,0.01364930429947681,0.7322292327381764,0.004792701523205197,0.7338,0.13081201614199778,4733.1202,9733.1202,0.19466240399999998,1.0,500,5000
0.1,50000,0.05,0.25,0.25,0.0999357203735979,0.008942655409423766,0.7815630349928736,0.0030594049529681557,0.7797999999999999,0.12682321655167483,4606.855,17106.855,0.34213709999999997,1.0,500,5000
0.1,50000,0.05,0.25,0.5,0.10019604029194294,0.006176976934976298,0.8622243714866497,0.0018810514191955013,0.8622000000000001,0.11356475645117915,4182.7194,29182.719399999998,0.583654388,1.0,500,5000
0.1,50000,0.05,0.25,0.75,0.09991341704811077,0.00493576766954049,0.9406391151586573,0.0012670562921594738,0.9382,0.07571145520261639,3334.7582,40834.758200000004,0.816695164,1.0,500,5000
0.1,50000,0.05,0.25,0.9,0.09991515940293548,0.004795676284298452,0.9999641867101876,0.0007976217481957322,1.0,0.0,3348.7778,48348.777799999996,0.966975556,1.0,500,5000
0.1,50000,0.05,0.5,0.1,0.10031996680156557,0.014049110603612079,0.12053002065427708,0.0041745541216884775,0.136,0.1079226324233168,1036.1244,6036.124400000001,0.12072248799999998,1.0,500,5000
0.1,50000,0.05,0.5,0.25,0.09953987936480622,0.009376187953436851,0.29328055068744563,0.0047577969806916545,0.29419999999999996,0.14080487216019227,2172.8586,14672.8586,0.29345717199999993,1.0,500,5000
0.1,50000,0.05,0.5,0.5,0.10010764639820724,0.006369096420412105,0.5567159787341838,0.003969961064083015,0.5664,0.15862333600530182,2814.2963999999997,27814.2964,0.556285928,1.0,500,5000
0.1,50000,0.05,0.5,0.75,0.10000480318316145,0.005022483961238225,0.8062581832543214,0.0031160447439959305,0.8048,0.12778739859030294,2695.1247999999996,40195.1248,0.8039024960000001,1.0,500,5000
0.1,50000,0.05,0.5,0.9,0.099993046972827,0.004807369137741557,0.9998793044072362,0.0026957839818825117,0.9994,0.013416407864998744,3340.0132000000003,48340.0132,0.966800264,1.0,500,5000
0.1,50000,0.05,0.75,0.75,0.09983965415886628,0.005390231579508694,0.33153378427264146,0.005462951889169608,0.3272,0.1617172375780014,1380.12,38880.12,0.7776024,1.0,500,5000
0.1,50000,0.05,0.75,0.9,0.10015157004917989,0.004692052334896285,0.9999998598398754,6.88837160744616e-07,1.0,0.0,3362.829,48362.829,0.96725658,1.0,500,5000
0.5,1000,0.01,0.25,0.1,0.4988054560332869,0.09277637509238838,0.7653362362197382,0.026877528323073257,0.767,0.131322088705457,180.75279999999998,280.7528,0.28075279999999997,1.0,500,5000
0.5,1000,0.01,0.25,0.25,0.4971809587501464,0.06276086382744425,0.810189130714575,0.011917837671771484,0.822,0.1168902333529479,170.9024,420.9024,0.4209024,1.0,500,5000
0.5,1000,0.01,0.25,0.5,0.5025375786201496,0.04425032129674354,0.8869618370152996,0.011319512485057718,0.897,0.09627844555328213,152.4302,652.4301999999999,0.6524302,1.0,500,5000
0.5,1000,0.01,0.25,0.75,0.5005482763370915,0.03458753950117699,0.9961441269055679,0.01274743530255117,0.9962000000000001,0.023805322656362947,167.309,917.309,0.9173089999999999,1.0,500,5000
0.5,1000,0.01,0.25,0.9,0.5697948218601078,0.01662520905196065,0.9992821206185171,0.0004225617615551897,0.9958333333333332,0.020412414523193166,78.04583333333333,978.0458333333332,0.9780458333333333,0.9833333333333334,24,240
0.5,1000,0.01,0.5,0.1,0.5005169576607996,0.09720458276605684,0.20125431228174379,0.09770562623389693,0.20220000000000002,0.15330415626674082,94.9548,194.95479999999998,0.19495479999999998,1.0,500,5000
0.5,1000,0.01,0.5,0.25,0.5008670341154076,0.06606704562026723,0.36209586355690027,0.04407381329155889,0.3732,0.15890961119157676,111.7834,361.78340000000003,0.3617834,1.0,500,5000
0.5,1000,0.01,0.5,0.5,0.5032056188057642,0.042799986622580895,0.6203473766155535,0.035882517786198165,0.6492,0.14934513027170235,118.3416,618.3416,0.6183415999999999,1.0,500,5000
0.5,1000,0.01,0.5,0.75,0.5011499830652629,0.035361809590427534,0.9852658050111441,0.04579459310805717,0.9863999999999999,0.053859462338262616,165.1224,915.1224,0.9151224,1.0,500,5000
0.5,1000,0.01,0.5,0.9,0.5356856585386953,0.017194471859360155,0.9977700937152721,0.0014211847955271307,0.9811320754716981,0.04082970394389561,76.16226415094339,976.1622641509433,0.9761622641509434,0.9786163522012579,159,1590
0.5,1000,0.01,0.75,0.1,0.25538828855637885,0.027538193643200638,0.9999996053271717,3.416812898884515e-07,1.0,0.0,392.56666666666666,492.56666666666666,0.49256666666666665,1.0,3,30
0.5,1000,0.01,0.75,0.25,0.3148822489798491,,0.999999999848356,,1.0,,373.1,623.1,0.6231000000000001,1.0,1,10
0.5,1000,0.01,0.75,0.5,0.3718877127372194,,0.999999998946364,,1.0,,285.1,785.1,0.7850999999999999,1.0,1,10
0.5,1000,0.01,0.75,0.75,0.4991147987104448,0.03653029518659342,0.9510130221381058,0.15986102272486746,0.9562,0.15028883347386077,162.96179999999998,912.9618,0.9129618,1.0,500,5000
0.5,1000,0.01,0.75,0.9,0.5086064932866844,0.026312083259579545,0.9945192881067944,0.004848919008011357,0.9896805896805897,0.03203517450495237,74.35085995085996,974.3508599508599,0.9743508599508599,0.9882063882063882,407,4070
0.5,1000,0.05,0.25,0.1,0.4966535133423227,0.10035007562236697,0.7521972685993263,0.03341454410527643,0.761,0.1394916335543581,140.4412,240.4412,0.2404412,1.0,500,5000
0.5,1000,0.05,0.25,0.25,0.5012998036797339,0.06519710988105608,0.796206748215943,0.011270554472361756,0.8002,0.12622132802064231,133.1096,383.1096,0.3831096,1.0,500,5000
0.5,1000,0.05,0.25,0.5,0.4999094190664026,0.04455443943092649,0.875403716871363,0.0041074863265151765,0.8802000000000001,0.10700869928864144,120.2494,620.2494,0.6202494000000001,1.0,500,5000
0.5,1000,0.05,0.25,0.75,0.4982955506517373,0.037991827571261766,0.9787413504446004,0.02512528869660121,0.9803999999999999,0.049200420351105244,133.7876,883.7876,0.8837876,1.0,500,5000
0.5,1000,0.05,0.25,0.9,0.5174177341777887,0.02566605329682304,0.9995727266037742,0.00039662154055660273,0.9991549295774648,0.009166766132984654,71.30901408450704,971.3090140845071,0.9713090140845071,0.9980281690140845,355,3550
0.5,1000,0.05,0.5,0.1,0.5050087098059687,0.09528588145361144,0.13673249037894855,0.05560798852951079,0.14020000000000002,0.12407557978505682,35.8292,135.82920000000001,0.13582919999999998,1.0,500,5000
0.5,1000,0.05,0.5,0.25,0.5012929536846022,0.06475509057097677,0.3148640577944193,0.010744927922502015,0.317,0.15472193689167354,66.1246,316.1246,0.3161246,1.0,500,5000
0.5,1000,0.05,0.5,0.5,0.5000269666149737,0.04430928999253425,0.5837864390304169,0.008754163691722022,0.5982000000000001,0.14893328118486132,83.7062,583.7062,0.5837062,1.0,500,5000
0.5,1000,0.05,0.5,0.75,0.4981167543923404,0.03554466341118239,0.93245944565179,0.08457780638818736,0.9338,0.11252948845321871,129.78,879.78,0.87978,1.0,500,5000
0.5,1000,0.05,0.5,0.9,0.4998190149379081,0.03015805639419709,0.9991632653232808,0.0010492973569301985,0.9973577235772357,0.01605521535903087,70.65731707317073,970.6573170731708,0.9706573170731707,0.9969512195121951,492,4920
0.5,1000,0.05,0.75,0.1,0.24003741997874115,0.02369157142728397,0.9999995114406536,7.763690844773056e-07,1.0,0.0,357.3,457.3,0.4573,1.0,6,60
0.5,1000,0.05,0.75,0.25,0.2848461693365024,,0.9999999996269284,,1.0,,331.5,581.5,0.5814999999999999,1.0,1,10
0.5,1000,0.05,0.75,0.5,0.3546839771711374,,0.9999999998373816,,1.0,,268.6,768.6,0.7686000000000001,1.0,1,10
0.5,1000,0.05,0.75,0.75,0.5003267662655297,0.03551330500098235,0.7224844948093828,0.3146898582680206,0.7312000000000001,0.3219220832054095,110.80160000000001,860.8016,0.8608016000000001,1.0,500,5000
0.5,1000,0.05,0.75,0.9,0.5001465851643158,0.03347771874557259,0.9991900825775004,0.0013589667531675377,0.9967999999999999,0.01761762644407713,70.7434,970.7434000000001,0.9707433999999999,0.9972000000000001,500,5000
0.5,5000,0.01,0.25,0.1,0.5010007224506521,0.04465689350986558,0.726354232035495,0.002447681104860989,0.7323999999999999,0.1372147797854997,390.9896,890.9896,0.17819791999999998,1.0,500,5000
0.5,5000,0.01,0.25,0.25,0.501631062139025,0.028499269478612057,0.775169569528613,0.001491041407291967,0.7696000000000001,0.12468734445698756,375.195,1625.195,0.32503899999999997,1.0,500,5000
0.5,5000,0.01,0.25,0.5,0.500973541986944,0.01988169992555734,0.8559161857837216,0.0009282265840232534,0.8678,0.10278272509110821,332.8002,2832.8002,0.5665600399999999,1.0,500,5000
0.5,5000,0.01,0.25,0.75,0.5004063012964326,0.016460028738691977,0.9347677838017753,0.0006189857985363308,0.9338,0.07931040461730811,260.4724,4010.4724,0.8020944799999999,1.0,500,5000
0.5,5000,0.01,0.25,0.9,0.4991942998447184,0.014824704846826905,0.9797434446525313,0.00041516963093176534,0.984,0.03830057268156012,178.5898,4678.5898,0.93571796,1.0,500,5000
0.5,5000,0.01,0.5,0.1,0.5009539932726453,0.044028075292675446,0.13277575573724346,0.0033822088571806674,0.1426,0.10289029509944705,167.2138,667.2138,0.13344276,1.0,500,5000
0.5,5000,0.01,0.5,0.25,0.4986213050836227,0.028300442265653463,0.29398813435102306,0.0027421030352059532,0.29960000000000003,0.14367018564924663,222.27579999999998,1472.2758000000001,0.29445516,1.0,500,5000
0.5,5000,0.01,0.5,0.5,0.5000301491436452,0.01938528014777016,0.5490676589875364,0.0020062208869632905,0.548,0.15895449998704744,245.13379999999998,2745.1337999999996,0.54902676,1.0,500,5000
0.5,5000,0.01,0.5,0.75,0.5012987201766672,0.016988368521176918,0.7944627971859656,0.0015849475900875315,0.811,0.1203660082909781,218.50560000000002,3968.5056,0.7937011199999999,1.0,500,5000
0.5,5000,0.01,0.5,0.9,0.5000039131635726,0.013994452546056484,0.93433201824736,0.0010304007391079464,0.9374,0.07844454789332636,161.49720000000002,4661.4972,0.93229944,1.0,500,5000
0.5,5000,0.01,0.75,0.75,0.5003016656435818,0.0163861876583325,0.33009361115983626,0.002967960565166369,0.3358,0.14106082486865457,136.2918,3886.2918,0.77725836,1.0,500,5000
0.5,5000,0.01,0.75,0.9,0.49998084982252067,0.015081225566283125,0.783554293765207,0.00279161264143477,0.8024,0.12191787373421399,135.2254,4635.2254,0.92704508,1.0,500,5000
0.5,5000,0.05,0.25,0.1,0.498267618255277,0.04229575063598851,0.7201494378040175,0.0017934626666437409,0.7292000000000001,0.139808629582768,297.719,797.719,0.15954379999999999,1.0,500,5000
0.5,5000,0.05,0.25,0.25,0.4994606957598593,0.028464309276172283,0.769536576071414,0.0011496116300121998,0.7797999999999999,0.12917170998838184,289.52959999999996,1539.5296,0.30790592,1.0,500,5000
0.5,5000,0.05,0.25,0.5,0.4990491461143254,0.01989221301433058,0.851309959891546,0.0007466417978715198,0.8512000000000001,0.11368556996222202,264.42879999999997,2764.4287999999997,0.55288576,1.0,500,5000
0.5,5000,0.05,0.25,0.75,0.49936805156191655,0.01622780967331576,0.9314643120134692,0.0005007531688483639,0.9308,0.07735196605973645,213.4966,3963.4966,0.7926993200000001,1.0,500,5000
0.5,5000,0.05,0.25,0.9,0.5008347378210176,0.014922978522363843,0.9775420112894979,0.0003462222866006624,0.9796,0.04274921040183031,150.4144,4650.414400000001,0.9300828800000001,1.0,500,5000
0.5,5000,0.05,0.5,0.1,0.49859612092232997,0.04236513958075516,0.11157902496905146,0.0011700129940144007,0.1126,0.1000062122318905,59.695800000000006,559.6958000000001,0.11193915999999997,1.0,500,5000
0.5,5000,0.05,0.5,0.25,0.49911913598693597,0.026734039765303152,0.2758343925084893,0.0014920522485571922,0.2856,0.1413952801563794,131.6848,1381.6848,0.27633695999999996,1.0,500,5000
0.5,5000,0.05,0.5,0.5,0.5016620158582232,0.02059983338093506,0.534579746398369,0.0015070543571104795,0.5488,0.15226598392194962,173.4716,2673.4716000000003,0.53469432,1.0,500,5000
0.5,5000,0.05,0.5,0.75,0.50074097185062,0.016090215788948366,0.7843788897226872,0.0011593429696426147,0.778,0.12691814855593242,169.76160000000002,3919.7616000000003,0.78395232,1.0,500,5000
0.5,5000,0.05,0.5,0.9,0.4995960419040653,0.014688400428016527,0.9278165472343689,0.0008759217455709449,0.9308,0.08040079960519243,130.8468,4630.8468,0.9261693599999999,1.0,500,5000
0.5,5000,0.05,0.75,0.75,0.4994287712172172,0.015725000634829234,0.2973153608086621,0.0016915207751646366,0.307,0.1452349350973983,81.5804,3831.5804,0.76631608,1.0,500,5000
0.5,5000,0.05,0.75,0.9,0.49996558050626067,0.01446498751698245,0.7634500315001708,0.0020159553159745983,0.7777999999999999,0.13084877838792083,104.108,4604.108,0.9208216,1.0,500,5000
0.5,10000,0.01,0.25,0.1,0.5008772268425626,0.03305769822674112,0.7184192630604302,0.0012463655675118957,0.7222000000000001,0.13654467729573208,549.0218000000001,1549.0218,0.15490218,1.0,500,5000
0.5,10000,0.01,0.25,0.25,0.4998330073614817,0.019860460145344802,0.767687488317523,0.0007204226930455109,0.7722,0.13756820134042638,526.6184000000001,3026.6184,0.30266183999999996,1.0,500,5000
0.5,10000,0.01,0.25,0.5,0.4992913396549844,0.013319518020192031,0.8492034908991488,0.000430193026489085,0.8572000000000001,0.11521592519629253,469.1612,5469.1612000000005,0.54691612,1.0,500,5000
0.5,10000,0.01,0.25,0.75,0.49999227118121176,0.011245697907155088,0.9293306853184474,0.00029287151279278154,0.935,0.07433742061847733,368.99159999999995,7868.991599999999,0.78689916,1.0,500,5000
0.5,10000,0.01,0.25,0.9,0.5000868163820074,0.010627394166807693,0.9757324646148057,0.0002007547822988687,0.9812000000000001,0.042072558757470416,256.2626,9256.2626,0.92562626,1.0,500,5000
0.5,10000,0.01,0.5,0.1,0.5004230624887472,0.03082452554291559,0.1221185413419874,0.0015120372351696604,0.1246,0.09692072665074802,223.6594,1223.6594,0.12236593999999996,1.0,500,5000
0.5,10000,0.01,0.5,0.25,0.5011698608481867,0.020557337351197,0.28019176866862056,0.0013233090455599538,0.2778,0.14645839040574113,305.3394,2805.3394,0.28053394,1.0,500,5000
0.5,10000,0.01,0.5,0.5,0.5007855356793668,0.014266318854407293,0.5340842442696944,0.0010029466509198712,0.5256000000000001,0.16023729897863329,341.82820000000004,5341.8282,0.53418282,1.0,500,5000
0.5,10000,0.01,0.5,0.75,0.4999161541581855,0.01105649451689774,0.7810415363439116,0.0007105701988908057,0.7847999999999999,0.12916007374300545,307.1154,7807.115400000001,0.78071154,1.0,500,5000
0.5,10000,0.01,0.5,0.9,0.49984573387324216,0.010313680973646835,0.9237813520731476,0.0005131547439530291,0.9292,0.08074899876532958,227.9434,9227.9434,0.92279434,1.0,500,5000
0.5,10000,0.01,0.75,0.75,0.5003507921308619,0.011592536622875228,0.3044333111430598,0.0013812903614076456,0.30560000000000004,0.1445351889391762,185.292,7685.292,0.7685291999999999,1.0,500,5000
0.5,10000,0.01,0.75,0.9,0.5000102548238697,0.01064870387781527,0.7574095828295565,0.0013081753863095217,0.7736000000000001,0.13243155300933743,188.0048,9188.0048,0.91880048,1.0,500,5000
0.5,10000,0.05,0.25,0.1,0.5006389842400317,0.030799737838946798,0.7140135257478006,0.0008856112663298226,0.7173999999999999,0.14435691128474368,419.2044,1419.2043999999999,0.14192043999999998,1.0,500,5000
0.5,10000,0.05,0.25,0.25,0.5005168839124057,0.019607541910812203,0.7636497265399446,0.000546685084140171,0.768,0.1310356466056574,406.475,2906.475,0.2906475,1.0,500,5000
0.5,10000,0.05,0.25,0.5,0.50100962461407,0.01407085797093358,0.8458752082922424,0.00036105977632048587,0.8512000000000001,0.11834936901518574,372.348,5372.348,0.5372347999999999,1.0,500,5000
0.5,10000,0.05,0.25,0.75,0.49913637885422746,0.01163274526040951,0.9270196571033726,0.0002482612517896704,0.935,0.07540804165001883,302.0244,7802.0244,0.78020244,1.0,500,5000
0.5,10000,0.05,0.25,0.9,0.4993122277954575,0.010570007721732439,0.9742536799387039,0.0001673242408516778,0.9786,0.044788973020247064,215.24960000000002,9215.2496,0.92152496,1.0,500,5000
0.5,10000,0.05,0.5,0.1,0.5006235200093705,0.031219765129355908,0.10773049607116719,0.0005450539927197755,0.1178,0.10081412090549563,79.46719999999999,1079.4672,0.10794671999999997,1.0,500,5000
0.5,10000,0.05,0.5,0.25,0.4999324566114341,0.019578124575002326,0.26779103857169884,0.00074733490763092,0.26839999999999997,0.1454777217826501,180.741,2680.741,0.2680741,1.0,500,5000
0.5,10000,0.05,0.5,0.5,0.499628281890458,0.014077671590696868,0.5241564883597744,0.0007102082760422666,0.5202,0.16206322524853042,241.6596,5241.6596,0.52416596,1.0,500,5000
0.5,10000,0.05,0.5,0.75,0.5002415084117866,0.010769714232375778,0.7739682690682984,0.0005354516627419836,0.7827999999999999,0.12512182440279465,237.8204,7737.8204000000005,0.7737820400000001,1.0,500,5000
0.5,10000,0.05,0.5,0.9,0.5000825576419954,0.010513773391953463,0.9192639645469792,0.0004239837523201979,0.9284,0.08442567968800466,185.4274,9185.4274,0.91854274,1.0,500,5000
0.5,10000,0.05,0.75,0.75,0.49988870240387173,0.011238885500521763,0.2820693793497696,0.000795343805828953,0.30619999999999997,0.14290697956929616,109.24,7609.24,0.7609239999999999,1.0,500,5000
0.5,10000,0.05,0.75,0.9,0.4994648789035822,0.010837593716466332,0.7437015791960354,0.0010128557640952075,0.7606,0.13000554944221243,144.6624,9144.662400000001,0.91446624,1.0,500,5000
0.5,50000,0.01,0.25,0.1,0.49980904236037665,0.013918178759389005,0.708139227966623,0.00022901865052766355,0.7173999999999999,0.14268130890843295,1217.3926000000001,6217.392599999999,0.12434785199999998,1.0,500,5000
0.5,50000,0.01,0.25,0.25,0.5000358079908388,0.009209569509441518,0.7578142692095599,0.00014518852667759664,0.7507999999999999,0.1381939040269883,1168.905,13668.905,0.27337809999999996,1.0,500,5000
0.5,50000,0.01,0.25,0.5,0.49970727467039183,0.0064202469538038424,0.8403424451835599,9.09854692864683e-05,0.841,0.11508905674287168,1045.8016,26045.801600000003,0.5209160319999999,1.0,500,5000
0.5,50000,0.01,0.25,0.75,0.4998430105152311,0.004996013119672946,0.9222543055501106,5.646404644281072e-05,0.928,0.08336605903843118,826.9132,38326.9132,0.766538264,1.0,500,5000
0.5,50000,0.01,0.25,0.9,0.499675296323433,0.004726100194206281,0.9706451620390703,3.816903710774134e-05,0.9708,0.051698214774029104,582.093,45582.093,0.9116418599999999,1.0,500,5000
0.5,50000,0.01,0.5,0.1,0.49953072629783835,0.014156676130398308,0.10931798750525919,0.0002769448809625906,0.1044,0.09797877157506471,468.4246,5468.424599999999,0.10936849199999997,1.0,500,5000
0.5,50000,0.01,0.5,0.25,0.5001905822357544,0.008502251326675836,0.2631093858923719,0.00022849705233394987,0.26380000000000003,0.1388095680865868,659.6694,13159.6694,0.263193388,1.0,500,5000
0.5,50000,0.01,0.5,0.5,0.499824157805968,0.006166159497880168,0.5149578732495991,0.00018768652193318412,0.506,0.16363848908560738,747.57,25747.57,0.5149514000000001,1.0,500,5000
0.5,50000,0.01,0.5,0.75,0.5000770781867898,0.005053970621240419,0.7636139413173794,0.00013975203784544028,0.7676000000000001,0.13366365229144303,678.3468,38178.3468,0.763566936,1.0,500,5000
0.5,50000,0.01,0.5,0.9,0.50033583114274,0.004709506664117897,0.9103726018194783,9.94624163806692e-05,0.9148000000000001,0.08623126847801012,510.9056,45510.9056,0.910218112,1.0,500,5000
0.5,50000,0.01,0.75,0.75,0.4997657896220867,0.005594157831681582,0.27312996860583066,0.0002701439290461857,0.2784,0.13831740095452064,389.332,37889.332,0.7577866400000001,1.0,500,5000
0.5,50000,0.01,0.75,0.9,0.49973059748435783,0.0045517619278072925,0.7248228595576915,0.00023209304360547118,0.7412000000000001,0.1331842185551437,411.32259999999997,45411.3226,0.908226452,1.0,500,5000
0.5,50000,0.05,0.25,0.1,0.49923263321632805,0.014202985503176202,0.7062008313639311,0.0001784323058877186,0.6998,0.14718453238416834,925.0694,5925.0694,0.11850138799999997,1.0,500,5000
0.5,50000,0.05,0.25,0.25,0.5005006134676684,0.008621893755033631,0.756033630885321,0.00010515243002323145,0.7502000000000001,0.13272223016797718,901.402,13401.402,0.26802803999999997,1.0,500,5000
0.5,50000,0.05,0.25,0.5,0.5002300875536475,0.006324697005142534,0.8388862010544386,7.085837993040691e-05,0.8472000000000001,0.11223793792394283,829.3154000000001,25829.3154,0.516586308,1.0,500,5000
0.5,50000,0.05,0.25,0.75,0.5002353959550714,0.004911543936765195,0.9212238673041767,4.512331716777219e-05,0.9234,0.08003280890361152,675.2334000000001,38175.2334,0.763504668,1.0,500,5000
0.5,50000,0.05,0.25,0.9,0.5001021730282715,0.004634031191501572,0.9699901518991447,3.1197136463430216e-05,0.9683999999999999,0.055925802549284524,486.5972,45486.597200000004,0.909731944,1.0,500,5000
0.5,50000,0.05,0.5,0.1,0.5006203398362229,0.013944558922120504,0.10323598512238777,9.471421101237004e-05,0.1042,0.09240908438976933,164.5256,5164.5256,0.10329051199999996,1.0,500,5000
0.5,50000,0.05,0.5,0.25,0.5000291739751329,0.008756907000332183,0.25770468405418046,0.00013869205960365398,0.2616,0.13857794808479013,388.39140000000003,12888.3914,0.257767828,1.0,500,5000
0.5,50000,0.05,0.5,0.5,0.5001293616628718,0.006685020640865461,0.5105697316124268,0.00014344406806135224,0.518,0.15926937391392557,529.3434,25529.343399999998,0.510586868,1.0,500,5000
0.5,50000,0.05,0.5,0.75,0.4996475231367146,0.005105317696059158,0.7605308679945882,0.00010917035955909544,0.7622000000000001,0.1347124898063265,524.0276,38024.0276,0.760480552,1.0,500,5000
0.5,50000,0.05,0.5,0.9,0.5001089628389667,0.0045518450400507384,0.9084160419462318,7.805937830356302e-05,0.9052,0.09311444893893965,414.6626,45414.6626,0.9082932520000001,1.0,500,5000
0.5,50000,0.05,0.75,0.75,0.49999536813644974,0.004980629411866437,0.26358597345590296,0.00014128797579716072,0.2758,0.14531549534159377,229.2836,37729.2836,0.754585672,1.0,500,5000
0.5,50000,0.05,0.75,0.9,0.5002890644448682,0.004616602442914362,0.7188647730428438,0.00017867402264384825,0.7276,0.13399309048079008,313.3728,45313.3728,0.906267456,1.0,500,5000
1.0,1000,0.01,0.25,0.1,1.002227026909195,0.10261547076514355,0.7296460489919522,0.0032830964188561213,0.7397999999999999,0.13752740663282467,88.019,188.019,0.18801899999999996,1.0,500,5000
1.0,1000,0.01,0.25,0.25,0.9993210921522839,0.0636687923532853,0.7783745866050227,0.0018879545245281063,0.7934,0.12872287736962934,84.48780000000001,334.4878,0.3344878,1.0,500,5000
1.0,1000,0.01,0.25,0.5,0.9998385330959296,0.04501436323748778,0.8587405134355451,0.0011867940301998213,0.881,0.104885661574917,75.072,575.072,0.575072,1.0,500,5000
1.0,1000,0.01,0.25,0.75,1.0026078607710798,0.035602740149682954,0.9369642809514026,0.0007559393191362387,0.9436,0.07091613495103065,58.806,808.806,0.808806,1.0,500,5000
1.0,1000,0.01,0.25,0.9,0.9982361265036757,0.031329034020290754,0.9814090799179852,0.0005002173123787833,0.984,0.03933311821324052,40.4362,940.4362,0.9404361999999999,1.0,500,5000
1.0,1000,0.01,0.5,0.1,1.0045580222755408,0.0982322155291828,0.13725942021593393,0.004421934722053577,0.1384,0.11572477888895617,38.436800000000005,138.43679999999998,0.13843679999999997,1.0,500,5000
1.0,1000,0.01,0.5,0.25,1.0015533742005231,0.06532737215202326,0.2994604803184337,0.0035771554118368635,0.31460000000000005,0.14341539649529897,50.609,300.609,0.30060899999999996,1.0,500,5000
1.0,1000,0.01,0.5,0.5,0.9984227865391009,0.04608105902607046,0.5553425996469904,0.002715746678081671,0.589,0.14987971128779048,55.726,555.726,0.555726,1.0,500,5000
1.0,1000,0.01,0.5,0.75,0.9992281704530934,0.03595226532224227,0.8002100369612593,0.001928676996803351,0.824,0.11545848311252534,49.5852,799.5852,0.7995852,1.0,500,5000
1.0,1000,0.01,0.5,0.9,1.0010698114754837,0.03467196425233247,0.9387145711401721,0.0014660028124819711,0.9488,0.07005980840329941,36.4818,936.4818,0.9364818,1.0,500,5000
1.0,1000,0.01,0.75,0.75,0.998582248368474,0.035939487915667784,0.3412022043263987,0.003765849388203664,0.36960000000000004,0.14899745125659672,31.578400000000002,781.5784,0.7815784,1.0,500,5000
1.0,1000,0.01,0.75,0.9,1.0017418795831,0.033276659870953115,0.7943982065327279,0.0035274247878861664,0.8196,0.12266185985760797,31.0858,931.0858000000001,0.9310858000000001,1.0,500,5000
1.0,1000,0.05,0.25,0.1,0.9995697045944939,0.09965285449342796,0.7226030128666637,0.0024256661035371857,0.7386,0.14003306222829692,67.2506,167.25060000000002,0.16725059999999997,1.0,500,5000
1.0,1000,0.05,0.25,0.25,1.0002392193086924,0.06434249182150671,0.7719077390313585,0.0014905364791064364,0.7924,0.12431068454716664,65.5286,315.5286,0.3155286,1.0,500,5000
1.0,1000,0.05,0.25,0.5,1.0058332243251804,0.046136860676213594,0.8533535741706167,0.0009533525214756965,0.8618000000000001,0.11074877236864672,59.6892,559.6891999999999,0.5596892,1.0,500,5000
1.0,1000,0.05,0.25,0.75,1.0002997178461948,0.039224128890561615,0.9332662630600012,0.0006816599470050911,0.948,0.07447881704469228,48.3112,798.3112,0.7983112000000001,1.0,500,5000
1.0,1000,0.05,0.25,0.9,1.0006942155130376,0.0327814011998774,0.9789291257148788,0.00043315096157082675,0.9808,0.04376288816750469,34.008199999999995,934.0082,0.9340082,1.0,500,5000
1.0,1000,0.05,0.5,0.1,0.9961784930019268,0.09855104409095325,0.11327595205984323,0.0016524216395688571,0.1128,0.10362256159032686,14.2036,114.20360000000001,0.11420359999999997,1.0,500,5000
1.0,1000,0.05,0.5,0.25,0.9949215618838569,0.06692126023121922,0.27932436390387855,0.002209450978142985,0.2928,0.13909296785752626,30.147,280.147,0.280147,1.0,500,5000
1.0,1000,0.05,0.5,0.5,0.9985683658618711,0.04333001895354915,0.5391103060700546,0.0018207261127991595,0.5604,0.16384605903751306,39.6704,539.6704,0.5396704000000001,1.0,500,5000
1.0,1000,0.05,0.5,0.75,0.9993957377332616,0.036446207802816044,0.7887686368430405,0.001498199274075053,0.8164,0.11797829357772138,38.541199999999996,788.5412,0.7885412,1.0,500,5000
1.0,1000,0.05,0.5,0.9,1.0004276238400749,0.0320452752901958,0.9313281813858227,0.001095001897968603,0.9386,0.07550789949251364,29.895599999999998,929.8956,0.9298956,1.0,500,5000
1.0,1000,0.05,0.75,0.75,0.9979508418105684,0.03610217196594751,0.30386491756671935,0.0022672980646550964,0.3128,0.13694402993438362,19.0694,769.0694,0.7690694,1.0,500,5000
1.0,1000,0.05,0.75,0.9,1.0005679967328969,0.03166712955306469,0.7717216721451002,0.002539271355906457,0.8136,0.125883809391573,23.863400000000002,923.8634000000001,0.9238634000000001,1.0,500,5000
1.0,5000,0.01,0.25,0.1,1.0002194027820477,0.04491090376105404,0.7129409129099286,0.000596420177720095,0.7246,0.14119033047215976,193.6532,693.6532,0.13873063999999996,1.0,500,5000
1.0,5000,0.01,0.25,0.25,0.9991014457889452,0.028358346338588893,0.7624341677261517,0.0003604644259634248,0.7644,0.12182907965382732,185.8138,1435.8138000000001,0.28716276,1.0,500,5000
1.0,5000,0.01,0.25,0.5,1.000161569339011,0.01894771760442784,0.8444667048730476,0.00021447554230450536,0.8456,0.10837032922582193,166.1,2666.1,0.53322,1.0,500,5000
1.0,5000,0.01,0.25,0.75,0.9999760025239837,0.015196220740082674,0.9255544932315616,0.00013783650500101243,0.9258,0.08371604836294536,131.215,3881.215,0.776243,1.0,500,5000
1.0,5000,0.01,0.25,0.9,1.0002413459892872,0.015135119972795638,0.9730070658384714,9.825773257678328e-05,0.973,0.05114911988421564,91.9406,4591.9406,0.9183881199999999,1.0,500,5000
1.0,5000,0.01,0.5,0.1,1.0015978115316788,0.04434362861738453,0.11512300744709474,0.0007260844419116132,0.1202,0.1013533670383971,77.0898,577.0898000000001,0.11541795999999996,1.0,500,5000
1.0,5000,0.01,0.5,0.25,1.0002992353796365,0.02769721632711022,0.2710352250199738,0.0006080646522152625,0.2724,0.13636506466732393,106.525,1356.525,0.271305,1.0,500,5000
1.0,5000,0.01,0.5,0.5,1.0002675999247383,0.02049827197738859,0.5238659375471815,0.0005016282254166417,0.52,0.1577649503505713,120.2452,2620.2452000000003,0.52404904,1.0,500,5000
1.0,5000,0.01,0.5,0.75,1.000105364103902,0.015908654681349842,0.7717176359231629,0.0003552143203771968,0.7834,0.13106791214935246,108.31,3858.31,0.7716620000000001,1.0,500,5000
1.0,5000,0.01,0.5,0.9,0.9994117223357966,0.015056376072463,0.9166003986502355,0.000257944995564892,0.9204,0.08578203258391853,81.2884,4581.2884,0.9162576800000001,1.0,500,5000
1.0,5000,0.01,0.75,0.75,0.9999909689867292,0.017101423173075263,0.28746480879724345,0.000685835675979194,0.2936,0.1424064577131135,63.6328,3813.6328,0.7627265599999999,1.0,500,5000
1.0,5000,0.01,0.75,0.9,0.9996894810936332,0.014881180149552111,0.7398583834721775,0.0006217366066331093,0.7402000000000001,0.1314477730281808,66.147,4566.147,0.9132294,1.0,500,5000
1.0,5000,0.05,0.25,0.1,0.9971507875348437,0.04440634304950894,0.7098771320677693,0.00044699225736746876,0.7052,0.1430170190413398,147.5228,647.5228000000001,0.12950455999999996,1.0,500,5000
1.0,5000,0.05,0.25,0.25,1.0011683803024682,0.028582286553573828,0.7595899229116532,0.00027908178740044626,0.7612000000000001,0.13875541838884906,144.017,1394.017,0.2788034,1.0,500,5000
1.0,5000,0.05,0.25,0.5,0.9999694480848116,0.020769244949360978,0.8421649524029456,0.00018589787324847077,0.8498000000000001,0.10771799447012238,132.0074,2632.0074,0.52640148,1.0,500,5000
1.0,5000,0.05,0.25,0.75,1.0005456602143306,0.016461791716809306,0.9239167272802565,0.00012110584496372506,0.927,0.0833360053011849,107.5722,3857.5722,0.77151444,1.0,500,5000
1.0,5000,0.05,0.25,0.9,0.9994332325599319,0.015275311221450151,0.9719710767952535,8.302367799266602e-05,0.978,0.04647924957744655,77.22,4577.22,0.9154439999999999,1.0,500,5000
1.0,5000,0.05,0.5,0.1,1.0038928784620258,0.04323484840198936,0.10525897015782354,0.00024827202913944515,0.1044,0.09528272453698192,27.408,527.408,0.10548159999999997,1.0,500,5000
1.0,5000,0.05,0.5,0.25,0.9975983655108712,0.027475428117249786,0.2623956614785222,0.0003552164090104186,0.2626,0.13849042998848984,63.0268,1313.0268,0.26260535999999995,1.0,500,5000
1.0,5000,0.05,0.5,0.5,0.9994906969260764,0.019607422340138098,0.5168872080613377,0.0003397020554878491,0.534,0.15739614701188964,85.264,2585.264,0.5170528000000001,1.0,500,5000
1.0,5000,0.05,0.5,0.75,1.0000334931251573,0.016101710005858846,0.7667846080056794,0.000276826884399684,0.7772,0.12502568874311948,84.0026,3834.0026000000003,0.76680052,1.0,500,5000
1.0,5000,0.05,0.5,0.9,1.0003107249992882,0.014971534144227534,0.9134472992073247,0.00020774575216641667,0.9194,0.08774416263291993,66.0536,4566.053599999999,0.91321072,1.0,500,5000
1.0,5000,0.05,0.75,0.75,0.9994692599199299,0.015561780475349056,0.27204096930712357,0.0003668137716524725,0.2796,0.14868778064193586,37.8384,3787.8384,0.75756768,1.0,500,5000
1.0,5000,0.05,0.75,0.9,1.000875955499402,0.014838905050222367,0.7302816216120539,0.0004682243129589307,0.7397999999999999,0.13694329824371737,50.603199999999994,4550.6032000000005,0.9101206399999999,1.0,500,5000
1.0,10000,0.01,0.25,0.1,0.9999294142709666,0.03228312755036133,0.7091085267661595,0.00029820062759780547,0.7074,0.1410142192122485,272.807,1272.807,0.12728069999999997,1.0,500,5000
1.0,10000,0.01,0.25,0.25,0.9991343689077264,0.020368285270595927,0.7587542104755441,0.00018093779648099622,0.7752,0.13319324638195257,262.0896,2762.0896000000002,0.27620896,1.0,500,5000
1.0,10000,0.01,0.25,0.5,0.9990175826867028,0.013469161773187984,0.8411811673185412,0.00010711807013745367,0.8418000000000001,0.1119724772939435,234.1116,5234.111599999999,0.52341116,1.0,500,5000
1.0,10000,0.01,0.25,0.75,0.9998285485303778,0.01119552030129921,0.9229207690260951,7.07681866604803e-05,0.9272,0.0829090333777403,185.914,7685.914,0.7685914,1.0,500,5000
1.0,10000,0.01,0.25,0.9,1.0006120225596518,0.010752775631047472,0.971116756195939,4.8647224981050286e-05,0.9736,0.04967872735793267,130.603,9130.603,0.9130602999999999,1.0,500,5000
1.0,10000,0.01,0.5,0.1,0.998415447171994,0.03130883240336833,0.11048562657232443,0.0003447613416964175,0.11460000000000001,0.09770328481544234,106.10719999999999,1106.1072,0.11061071999999997,1.0,500,5000
1.0,10000,0.01,0.5,0.25,1.000206574739609,0.021227704287920715,0.2647040185757805,0.0003217949457562514,0.257,0.1368519525393322,148.2872,2648.2872,0.26482871999999996,1.0,500,5000
1.0,10000,0.01,0.5,0.5,1.000843845697827,0.013737220167858003,0.5167355586824347,0.00023346904047945522,0.5184,0.15884553442767996,168.382,5168.382,0.5168382,1.0,500,5000
1.0,10000,0.01,0.5,0.75,0.9996716088372254,0.0117938601211235,0.7652554544197979,0.00018283597759877435,0.7656000000000001,0.13149609288830522,152.30339999999998,7652.303400000001,0.76523034,1.0,500,5000
1.0,10000,0.01,0.5,0.9,0.9998490819472061,0.010703187829041767,0.9116314968672588,0.00012690858790493593,0.9196,0.08479516755618663,114.93060000000001,9114.9306,0.91149306,1.0,500,5000
1.0,10000,0.01,0.75,0.75,1.0000282744904605,0.010805990195034573,0.2759750437007217,0.00029408797556232505,0.2818,0.14088455172171171,87.963,7587.963,0.7587963,1.0,500,5000
1.0,10000,0.01,0.75,0.9,0.9998852539193225,0.010417177196695163,0.7278274175512747,0.0002986605735296782,0.7384,0.1421472887655857,92.89460000000001,9092.8946,0.90928946,1.0,500,5000
1.0,10000,0.05,0.25,0.1,0.9998781034556716,0.030331163464266894,0.7069304653746118,0.0002138487697261693,0.7102,0.1385436707229702,208.187,1208.187,0.12081869999999997,1.0,500,5000
1.0,10000,0.05,0.25,0.25,0.9997420822888443,0.020558865079307667,0.7567618624052664,0.00014015468155785917,0.7487999999999999,0.1333195717681124,202.9422,2702.9422000000004,0.27029422,1.0,500,5000
1.0,10000,0.05,0.25,0.5,1.0011454582245352,0.01427409005476397,0.8395439981869881,8.953271311688245e-05,0.8432000000000001,0.11506624388134827,185.8386,5185.8386,0.51858386,1.0,500,5000
1.0,10000,0.05,0.25,0.75,1.0004254885577823,0.010869217116749446,0.9217683060627264,5.616089889383536e-05,0.9278,0.08403143795705423,151.71120000000002,7651.7112,0.76517112,1.0,500,5000
1.0,10000,0.05,0.25,0.9,0.9994758904572079,0.010499661708226093,0.9703914926897745,3.979363717163195e-05,0.969,0.05389628576477675,109.0758,9109.0758,0.91090758,1.0,500,5000
1.0,10000,0.05,0.5,0.1,1.0011286147128367,0.03274093760780291,0.10364084614942976,0.00012616399203227807,0.107,0.09523202337739713,37.5742,1037.5742,0.10375741999999998,1.0,500,5000
1.0,10000,0.05,0.5,0.25,1.0008133074453773,0.01970614348632114,0.25863317598105773,0.00017424657391582402,0.25880000000000003,0.13630744454679564,87.50139999999999,2587.5014,0.25875013999999996,1.0,500,5000
1.0,10000,0.05,0.5,0.5,0.999577152675802,0.013866968801825629,0.511848235305127,0.0001675555850931112,0.5072,0.158614239442453,119.2264,5119.2264000000005,0.51192264,1.0,500,5000
1.0,10000,0.05,0.5,0.75,1.000006768539156,0.011800262634073017,0.7617861525984766,0.00014135434588274126,0.7762,0.13360111719979761,117.67660000000001,7617.6766,0.76176766,1.0,500,5000
1.0,10000,0.05,0.5,0.9,1.0005463843909026,0.010993563448744201,0.9094261864223944,0.00010573515786821254,0.9136,0.09094824443788163,93.1376,9093.1376,0.90931376,1.0,500,5000
1.0,10000,0.05,0.75,0.75,1.0000532039902323,0.011268071710000212,0.265266113324701,0.00018045909412847346,0.26780000000000004,0.13893078682226664,52.153800000000004,7552.1538,0.75521538,1.0,500,5000
1.0,10000,0.05,0.75,0.9,1.000558225814865,0.010840572415947816,0.7211571621310695,0.00023620987585854945,0.7203999999999999,0.14760560568508008,70.57939999999999,9070.5794,0.9070579400000001,1.0,500,5000
1.0,50000,0.01,0.25,0.1,0.9999301647168798,0.013942982736592772,0.7040491610720101,5.683669579365605e-05,0.708,0.1430276680494208,607.0192,5607.019200000001,0.11214038399999997,1.0,500,5000
1.0,50000,0.01,0.25,0.25,0.999851863061833,0.00941785547845902,0.7538908600671391,3.681364282133145e-05,0.7534,0.13023964346334374,582.7568,13082.756800000001,0.26165513599999995,1.0,500,5000
1.0,50000,0.01,0.25,0.5,0.9999242439549134,0.006278702351226921,0.8368204859116641,2.201599952235353e-05,0.8366,0.1187798691472139,522.4766,25522.4766,0.510449532,1.0,500,5000
1.0,50000,0.01,0.25,0.75,1.0003521659304702,0.005114619684077095,0.9194442179921498,1.4269916482152659e-05,0.9174,0.0886168488030553,414.89,37914.89,0.7582978,1.0,500,5000
1.0,50000,0.01,0.25,0.9,1.0001737703962004,0.004681437684599824,0.9686403851970197,9.308267011209456e-06,0.975,0.05329804276636666,293.28020000000004,45293.2802,0.9058656039999999,1.0,500,5000
1.0,50000,0.01,0.5,0.1,1.0003971820965647,0.014199707853831506,0.10453980694284334,6.595291677184848e-05,0.10160000000000001,0.09063039079398777,228.7696,5228.7696,0.10457539199999998,1.0,500,5000
1.0,50000,0.01,0.5,0.25,1.0003605781232991,0.009168233282243535,0.25647420976409996,6.023360159862559e-05,0.271,0.13746560874333028,325.208,12825.208,0.25650416,1.0,500,5000
1.0,50000,0.01,0.5,0.5,1.000243518678536,0.00599095641628802,0.5074137899408471,4.474002962691476e-05,0.5232,0.1589726536521877,371.84159999999997,25371.8416,0.507436832,1.0,500,5000
1.0,50000,0.01,0.5,0.75,0.9996182567056076,0.005096732021126516,0.7567607554599388,3.4717225077952193e-05,0.7596,0.13959517766475502,337.763,37837.763,0.75675526,1.0,500,5000
1.0,50000,0.01,0.5,0.9,1.0003092323804885,0.004773623580176522,0.9051431171313039,2.4749076228880263e-05,0.9026000000000001,0.09418589047159802,256.0526,45256.0526,0.9051210519999999,1.0,500,5000
1.0,50000,0.01,0.75,0.75,1.0001128154837071,0.005095703964595936,0.2613161302860665,5.8930817357425144e-05,0.2572,0.13887668438918704,190.21460000000002,37690.2146,0.753804292,1.0,500,5000
1.0,50000,0.01,0.75,0.9,0.9997273225554512,0.0048048168091181405,0.7122492252809088,5.959512294668043e-05,0.714,0.14493450943114997,204.3098,45204.309799999995,0.904086196,1.0,500,5000
1.0,50000,0.05,0.25,0.1,1.0003184890095342,0.014247030040532217,0.7030799918029264,4.411574754512812e-05,0.702,0.15206000292311575,462.35740000000004,5462.357400000001,0.10924714799999999,1.0,500,5000
1.0,50000,0.05,0.25,0.25,0.9995483768218926,0.00952758002772776,0.7530081523529486,2.883276205537768e-05,0.7496,0.1343724372920564,451.127,12951.127,0.25902253999999997,1.0,500,5000
1.0,50000,0.05,0.25,0.5,0.999725847859134,0.006286190973843697,0.8360995145485266,1.7476452832981226e-05,0.8322,0.11139109458077791,413.94440000000003,25413.9444,0.508278888,1.0,500,5000
1.0,50000,0.05,0.25,0.75,0.9998064924888419,0.005133326694960052,0.9189351334203626,1.1705188084195532e-05,0.9204,0.08341316149758407,338.382,37838.382,0.7567676400000001,1.0,500,5000
1.0,50000,0.05,0.25,0.9,0.9999997974042281,0.004787965206900417,0.9683173150811957,7.956649364011237e-06,0.9703999999999999,0.054126697652799746,245.1242,45245.124200000006,0.904902484,1.0,500,5000
1.0,50000,0.05,0.5,0.1,0.9991775388973602,0.013926439875545208,0.1015809748856495,2.253749084067479e-05,0.0992,0.0936851846753547,80.04060000000001,5080.040599999999,0.10160081199999997,1.0,500,5000
1.0,50000,0.05,0.5,0.25,0.999764005037967,0.008411310046501048,0.2538055695601034,3.242983020298652e-05,0.2474,0.13671364687727774,191.3278,12691.327800000001,0.253826556,1.0,500,5000
1.0,50000,0.05,0.5,0.5,1.0000381923936426,0.006111147857591467,0.5052430417143692,3.231879325413017e-05,0.5096,0.1639561014613754,263.0358,25263.0358,0.505260716,1.0,500,5000
1.0,50000,0.05,0.5,0.75,0.9999550542118848,0.0054148719652491835,0.7552235611459303,2.8462751621331068e-05,0.7597999999999999,0.1369725628216537,261.24379999999996,37761.2438,0.755224876,1.0,500,5000
1.0,50000,0.05,0.5,0.9,0.9998661874848555,0.004786005905105102,0.904173373211682,2.0141987965963253e-05,0.908,0.09204860613710326,207.3348,45207.3348,0.904146696,1.0,500,5000
1.0,50000,0.05,0.75,0.75,0.9998539609699898,0.004934775432219,0.25664994251623424,3.3514893400464974e-05,0.253,0.14131858293857724,112.165,37612.165,0.7522433,1.0,500,5000
1.0,50000,0.05,0.75,0.9,0.9999302530349043,0.004726897719324657,0.7093187569373547,4.461135953131895e-05,0.7158,0.1368496095400441,155.7154,45155.7154,0.903114308,1.0,500,5000
